freq;age;unit;sex;indic_em;geo\TIME_PERIOD,2005 ,2006 ,2007 ,2008 ,2009 ,2010 ,2011 ,2012 ,2013 ,2014 ,2015 ,2016 ,2017 ,2018 ,2019 
A;Y15-24;PC_POP;F;ACT;AT,54.1 ,54.1 ,56.0 b,56.2 ,56.2 ,54.0 ,54.8 ,55.4 ,55.3 ,55.4 ,54.1 ,54.6 ,53.7 ,53.8 ,52.5 
A;Y15-24;PC_POP;F;ACT;BE,32.3 ,31.9 ,31.6 ,30.8 ,29.9 ,29.8 ,29.8 ,27.9 ,28.2 ,28.1 ,27.1 ,26.2 ,25.4 b,27.7 ,29.5 
A;Y15-24;PC_POP;F;ACT;BG,24.5 ,26.4 ,26.0 ,26.1 ,24.8 ,26.6 b,24.8 b,25.3 ,24.7 ,22.7 ,21.2 ,19.6 ,21.8 ,19.3 ,20.1 
A;Y15-24;PC_POP;F;ACT;CY,39.0 ,38.3 ,39.7 ,40.5 ,38.8 b,40.2 ,36.6 ,35.5 ,36.3 ,39.5 ,38.9 ,38.5 ,39.8 ,41.8 ,39.9 
A;Y15-24;PC_POP;F;ACT;CZ,28.9 ,29.2 ,26.9 ,26.1 ,26.1 ,25.3 ,24.1 b,25.9 ,26.1 ,26.1 ,27.4 ,26.2 ,26.6 ,26.2 ,25.9 
A;Y15-24;PC_POP;F;ACT;DE,46.7 b,47.6 ,49.0 ,49.5 ,49.2 ,48.8 b,50.0 b,48.0 ,48.7 ,47.7 ,47.1 ,47.4 ,48.3 ,47.8 ,48.4 
A;Y15-24;PC_POP;F;ACT;DK,66.2 ,69.3 ,69.1 ,68.2 b,67.2 ,63.9 ,63.3 ,60.9 ,59.0 ,58.8 ,58.9 ,61.2 b,61.2 b,60.8 ,61.8 
A;Y15-24;PC_POP;F;ACT;EE,31.1 ,30.4 ,32.1 ,37.1 ,34.1 ,34.3 ,36.5 ,37.2 ,38.2 ,37.0 ,37.7 ,40.4 ,42.4 ,45.0 ,43.0 
A;Y15-24;PC_POP;F;ACT;EL,30.4 ,28.6 ,27.5 ,26.1 ,27.4 b,27.1 ,26.6 ,27.0 ,25.3 ,26.1 ,24.3 ,22.9 ,23.9 ,21.5 ,21.0 
A;Y15-24;PC_POP;F;ACT;ES,43.0 b,44.0 ,43.4 ,43.7 ,41.7 ,40.2 ,39.2 ,37.6 ,35.9 ,34.0 ,33.2 ,31.3 ,31.5 ,30.8 ,30.7 
A;Y15-24;PC_POP;F;ACT;FI,50.4 ,51.0 ,53.6 ,53.5 ,51.2 ,49.3 ,50.5 ,52.0 ,52.9 ,52.6 ,53.3 ,53.1 ,54.2 ,54.7 ,53.5 
A;Y15-24;PC_POP;F;ACT;FR,33.8 e,33.8 e,34.5 e,34.3 e,35.7 e,34.8 e,34.1 e,33.6 e,33.7 e,33.2 ,33.9 ,34.2 ,33.5 ,33.9 ,34.0 
A;Y15-24;PC_POP;F;ACT;HR,33.2 e,32.0 e,31.5 ,29.9 ,30.0 ,30.7 ,26.9 ,25.3 ,24.8 ,28.5 ,28.0 ,32.3 ,30.2 ,28.8 ,27.3 
A;Y15-24;PC_POP;F;ACT;HU,23.8 ,23.2 ,21.8 ,21.4 ,21.5 ,22.0 ,21.5 ,23.4 ,23.6 ,25.9 ,27.5 ,28.3 ,28.2 ,27.2 ,26.9 
A;Y15-24;PC_POP;F;ACT;IE,61.0 ,61.9 ,64.2 b,61.9 ,57.4 ,51.7 ,49.1 ,48.6 ,48.1 ,45.8 ,44.6 ,48.3 ,45.5 ,45.0 ,45.9 
A;Y15-24;PC_POP;F;ACT;IT,28.7 ,26.9 ,25.4 ,25.5 ,23.7 ,23.1 ,22.8 ,24.0 ,23.4 ,23.1 ,21.7 ,22.8 ,22.1 ,21.9 ,22.0 
A;Y15-24;PC_POP;F;ACT;LT,20.6 ,23.3 ,22.3 ,25.3 ,25.9 ,25.4 ,24.1 ,26.1 ,27.0 ,29.6 ,30.8 ,31.9 ,32.2 ,34.1 ,35.6 
A;Y15-24;PC_POP;F;ACT;LU,25.5 ,25.0 ,22.3 b,27.1 ,29.5 b,22.7 ,23.4 ,24.7 ,21.8 ,23.0 ,34.1 b,31.0 ,28.3 ,32.3 ,31.3 
A;Y15-24;PC_POP;F;ACT;LV,32.0 ,34.0 ,35.8 ,36.5 ,35.9 ,37.2 ,33.7 ,36.1 ,36.0 ,35.3 ,37.1 ,35.9 ,36.5 ,34.7 ,32.8 
A;Y15-24;PC_POP;F;ACT;MT,51.3 b,49.1 ,50.5 ,50.0 ,48.3 ,48.1 ,48.0 ,48.9 ,50.3 ,52.3 ,49.4 ,48.9 ,51.1 ,56.3 ,55.0 
A;Y15-24;PC_POP;F;ACT;NL,66.4 b,66.3 ,68.5 ,69.2 ,69.6 ,68.6 ,69.2 ,70.8 ,70.0 ,67.7 ,69.4 ,69.2 ,69.7 ,69.8 ,70.3 
A;Y15-24;PC_POP;F;ACT;PL,31.8 ,30.7 ,29.3 ,29.6 ,29.4 ,29.6 b,28.1 ,28.4 ,27.9 ,28.7 ,26.9 ,28.9 ,29.7 ,30.7 ,31.0 
A;Y15-24;PC_POP;F;ACT;PT,38.1 ,37.6 ,37.8 ,38.1 ,37.2 ,34.2 ,35.9 b,34.9 ,33.8 ,33.8 ,32.8 ,31.2 ,32.3 ,31.7 ,32.5 
A;Y15-24;PC_POP;F;ACT;RO,26.5 ,25.9 ,24.9 ,24.7 ,25.8 ,25.6 b,25.8 ,25.5 ,24.7 ,24.0 ,25.2 ,21.8 ,25.0 ,24.2 ,23.3 
A;Y15-24;PC_POP;F;ACT;SE,50.8 b,51.9 ,52.7 ,53.1 ,51.0 ,51.3 ,52.8 ,53.4 ,55.2 ,56.0 ,56.5 ,55.5 ,55.4 ,55.5 b,56.2 
A;Y15-24;PC_POP;F;ACT;SI,36.3 ,36.4 ,35.4 ,37.4 ,35.8 ,34.8 ,32.3 ,30.0 ,30.2 ,30.4 ,31.7 ,30.6 ,34.9 ,34.3 ,33.0 
A;Y15-24;PC_POP;F;ACT;SK,32.4 ,30.9 ,30.2 ,26.7 ,25.4 ,25.5 ,22.7 b,23.6 ,23.7 ,23.6 ,24.9 ,24.7 ,26.5 ,24.5 ,22.2 
A;Y15-24;PC_POP;F;ACT;UK,59.2 ,59.7 ,58.6 b,58.2 b,57.1 ,55.9 ,55.7 ,56.3 ,56.4 ,56.1 ,57.0 ,57.5 ,56.8 ,55.6 ,55.7 
A;Y15-24;PC_POP;F;EMP_LFS;AT,48.5 ,48.8 ,50.6 b,51.3 ,50.5 ,48.9 ,49.8 ,50.3 ,49.8 ,49.9 ,48.7 ,49.0 ,49.0 ,48.7 ,48.4 
A;Y15-24;PC_POP;F;EMP_LFS;BE,25.2 ,24.7 ,25.0 ,25.0 ,23.2 ,23.1 ,24.2 ,22.6 ,21.9 ,21.8 ,21.7 ,21.4 ,20.9 b,23.5 ,25.8 
A;Y15-24;PC_POP;F;EMP_LFS;BG,19.4 ,21.0 ,21.8 ,23.1 ,21.4 ,21.2 b,19.0 b,18.7 ,18.4 ,17.3 ,16.5 ,16.3 ,19.1 ,17.0 ,18.4 
A;Y15-24;PC_POP;F;EMP_LFS;CY,33.2 ,34.1 ,36.0 ,36.7 ,33.3 b,33.3 ,28.7 ,26.1 ,23.0 ,25.9 ,26.8 ,26.2 ,30.7 ,35.0 ,34.1 
A;Y15-24;PC_POP;F;EMP_LFS;CZ,23.4 ,23.7 ,23.9 ,23.5 ,21.7 ,20.6 ,19.8 b,21.0 ,21.0 ,21.6 ,23.4 ,23.2 ,24.3 ,24.3 ,24.3 
A;Y15-24;PC_POP;F;EMP_LFS;DE,40.2 b,41.6 ,43.5 ,44.5 ,44.4 ,44.5 b,46.1 b,44.5 ,45.2 ,44.3 ,44.0 ,44.5 ,45.5 ,45.4 ,46.1 
A;Y15-24;PC_POP;F;EMP_LFS;DK,60.5 ,64.1 ,64.0 ,61.1 b,59.4 ,55.5 ,54.2 ,51.9 ,51.1 ,51.2 ,52.3 ,54.6 b,53.9 b,55.2 ,55.8 
A;Y15-24;PC_POP;F;EMP_LFS;EE,26.8 ,25.8 ,29.8 ,32.9 ,26.7 ,24.1 ,29.0 ,30.3 ,30.7 ,33.3 ,33.1 ,36.1 ,38.2 ,39.9 ,38.0 
A;Y15-24;PC_POP;F;EMP_LFS;EL,20.0 ,18.8 ,18.8 ,18.7 ,18.3 b,16.1 ,12.9 ,10.0 ,9.1 ,10.9 ,10.9 ,11.3 ,12.4 ,12.0 ,13.2 
A;Y15-24;PC_POP;F;EMP_LFS;ES,33.0 b,34.5 ,34.0 ,32.6 ,26.7 ,24.3 ,22.0 ,18.3 ,16.3 ,16.0 ,17.3 ,17.2 ,19.7 ,20.5 ,20.1 
A;Y15-24;PC_POP;F;EMP_LFS;FI,40.6 ,41.6 ,44.7 ,45.1 ,41.5 ,39.9 ,41.2 ,42.7 ,43.9 ,43.0 ,42.8 ,43.3 ,43.7 ,45.5 ,45.1 
A;Y15-24;PC_POP;F;EMP_LFS;FR,26.4 e,25.9 e,27.5 e,27.8 e,27.7 e,26.5 e,26.1 e,25.6 e,25.2 e,25.5 ,26.0 ,26.0 ,26.4 ,27.2 ,27.8 
A;Y15-24;PC_POP;F;EMP_LFS;HR,21.5 e,21.9 e,22.3 ,21.4 ,21.7 ,20.4 ,17.2 ,14.7 ,12.4 ,15.3 ,15.8 ,22.2 ,21.8 ,20.3 ,21.9 
A;Y15-24;PC_POP;F;EMP_LFS;HU,19.2 ,18.6 ,17.7 ,17.1 ,16.2 ,16.6 ,16.2 ,17.0 ,17.0 ,20.5 ,23.1 ,24.6 ,24.8 ,24.3 ,24.0 
A;Y15-24;PC_POP;F;EMP_LFS;IE,56.2 ,56.9 ,59.1 b,55.6 ,47.8 ,40.9 ,38.2 ,37.1 ,37.1 ,36.7 ,37.3 ,41.7 ,39.7 ,39.3 ,41.0 
A;Y15-24;PC_POP;F;EMP_LFS;IT,20.8 ,20.0 ,19.5 ,19.2 ,16.9 ,16.3 ,15.5 ,15.0 ,13.7 ,12.8 ,12.4 ,13.7 ,13.9 ,14.3 ,15.2 
A;Y15-24;PC_POP;F;EMP_LFS;LT,17.4 ,21.0 ,20.0 ,21.8 ,20.1 ,17.4 ,17.0 ,20.1 ,21.5 ,24.1 ,25.7 ,27.8 ,28.4 ,30.6 ,32.3 
A;Y15-24;PC_POP;F;EMP_LFS;LU,21.3 ,21.2 ,18.4 b,20.6 ,24.2 b,20.3 ,18.5 ,20.1 ,19.4 ,18.8 ,28.8 b,25.4 ,24.5 ,28.4 ,26.3 
A;Y15-24;PC_POP;F;EMP_LFS;LV,26.1 ,28.5 ,32.2 ,31.7 ,25.4 ,24.3 ,23.4 ,25.4 ,27.0 ,28.3 ,31.9 ,31.6 ,30.9 ,30.6 ,29.5 
A;Y15-24;PC_POP;F;EMP_LFS;MT,43.1 b,42.0 ,44.5 ,45.0 ,42.2 ,42.4 ,41.8 ,41.8 ,45.0 ,47.3 ,44.6 ,43.3 ,46.1 ,52.5 ,50.6 
A;Y15-24;PC_POP;F;EMP_LFS;NL,59.1 b,59.6 ,62.2 ,63.8 ,63.3 ,61.7 ,62.6 ,62.5 ,61.0 ,58.8 ,61.7 ,62.1 ,63.6 ,65.2 ,66.0 
A;Y15-24;PC_POP;F;EMP_LFS;PL,19.6 ,21.0 ,22.4 ,23.7 ,23.2 ,22.1 b,20.0 ,19.9 ,19.5 ,21.3 ,21.3 ,23.7 ,25.2 ,27.0 ,27.8 
A;Y15-24;PC_POP;F;EMP_LFS;PT,30.8 ,30.7 ,30.1 ,30.3 ,29.2 ,26.0 ,24.5 b,21.2 ,20.4 ,21.9 ,21.5 ,22.3 ,24.1 ,25.1 ,25.5 
A;Y15-24;PC_POP;F;EMP_LFS;RO,21.6 ,20.6 ,20.2 ,20.2 ,20.6 ,19.9 b,19.7 ,19.6 ,18.6 ,18.0 ,19.3 ,17.1 ,20.4 ,20.3 ,19.3 
A;Y15-24;PC_POP;F;EMP_LFS;SE,39.7 b,40.4 ,42.3 ,42.1 ,38.9 ,39.2 ,41.0 ,41.6 ,42.9 ,44.0 ,45.5 ,45.9 ,46.0 ,46.4 b,45.1 
A;Y15-24;PC_POP;F;EMP_LFS;SI,29.8 ,30.3 ,31.4 ,33.2 ,31.0 ,30.0 ,26.9 ,23.7 ,23.0 ,24.0 ,27.1 ,26.1 ,30.4 ,31.1 ,29.9 
A;Y15-24;PC_POP;F;EMP_LFS;SK,23.1 ,22.5 ,24.1 ,21.5 ,18.7 ,17.4 ,15.0 b,15.9 ,16.2 ,16.5 ,18.0 ,18.2 ,21.1 ,20.6 ,17.8 
A;Y15-24;PC_POP;F;EMP_LFS;UK,52.7 ,52.5 ,51.3 b,50.7 b,47.9 ,46.1 ,45.3 ,46.0 ,46.2 ,47.8 ,49.7 ,51.1 ,50.8 ,49.9 ,50.6 
A;Y15-24;PC_POP;M;ACT;AT,62.0 ,61.8 ,62.9 b,62.9 ,62.9 ,62.6 ,63.6 ,63.1 ,62.3 ,60.7 ,60.7 ,60.2 ,58.4 ,59.5 ,60.3 
A;Y15-24;PC_POP;M;ACT;BE,37.6 ,37.4 ,36.1 ,36.0 ,34.9 ,35.2 ,34.1 ,35.0 ,33.7 ,32.3 ,32.8 ,30.7 ,30.6 b,31.4 ,32.5 
A;Y15-24;PC_POP;M;ACT;BG,31.1 ,31.3 ,31.7 ,34.0 ,34.0 ,35.5 b,33.9 b,35.3 ,34.3 ,31.5 ,30.5 ,28.0 ,30.5 ,27.8 ,27.6 
A;Y15-24;PC_POP;M;ACT;CY,46.6 ,45.0 ,43.9 ,43.1 ,42.1 b,40.9 ,41.4 ,42.8 ,40.8 ,41.2 ,36.8 ,35.8 ,33.2 ,36.5 ,37.7 
A;Y15-24;PC_POP;M;ACT;CZ,38.9 ,37.7 ,36.7 ,35.9 ,37.3 ,36.2 ,35.5 b,36.4 ,36.8 ,38.1 ,37.4 ,37.5 ,36.5 ,34.4 ,33.4 
A;Y15-24;PC_POP;M;ACT;DE,52.4 b,53.1 ,54.0 ,54.7 ,54.3 ,53.7 b,54.8 b,53.2 ,52.9 ,52.0 ,50.5 ,50.9 ,51.3 ,52.5 ,54.2 
A;Y15-24;PC_POP;M;ACT;DK,70.0 ,70.5 ,72.0 ,69.9 b,68.5 ,64.0 ,63.4 ,61.0 ,57.3 ,57.8 ,58.1 ,57.9 b,59.6 b,59.4 ,60.5 
A;Y15-24;PC_POP;M;ACT;EE,41.2 ,40.9 ,43.5 ,44.5 ,43.8 ,41.2 ,43.4 ,44.3 ,41.4 ,41.4 ,45.7 ,46.1 ,49.7 ,49.6 ,46.3 
A;Y15-24;PC_POP;M;ACT;EL,36.9 ,35.8 ,34.4 ,34.0 ,33.9 b,33.0 ,31.7 ,31.2 ,31.6 ,30.0 ,27.7 ,26.4 ,26.2 ,25.1 ,23.9 
A;Y15-24;PC_POP;M;ACT;ES,52.5 b,52.2 ,52.2 ,51.5 ,48.2 ,45.0 ,42.6 ,40.3 ,39.6 ,37.3 ,36.2 ,34.7 ,35.1 ,35.1 ,35.1 
A;Y15-24;PC_POP;M;ACT;FI,50.9 ,52.6 ,53.3 ,53.4 ,49.7 ,49.4 ,50.5 ,51.2 ,50.8 ,51.5 ,51.1 ,51.2 ,52.3 ,51.5 ,54.3 
A;Y15-24;PC_POP;M;ACT;FR,41.7 e,41.7 e,41.5 e,41.8 e,42.6 e,42.3 e,41.0 e,40.6 e,40.6 e,39.7 ,40.4 ,39.9 ,40.3 ,41.1 ,39.8 
A;Y15-24;PC_POP;M;ACT;HR,43.4 e,40.8 e,41.6 ,43.1 ,42.4 ,40.7 ,37.8 ,34.6 ,34.7 ,38.5 ,38.2 ,41.9 ,40.9 ,37.9 ,38.8 
A;Y15-24;PC_POP;M;ACT;HU,30.3 ,30.2 ,29.5 ,28.7 ,27.7 ,27.5 ,27.0 ,27.9 ,31.0 ,33.0 ,34.4 ,36.1 ,36.5 ,37.1 ,37.2 
A;Y15-24;PC_POP;M;ACT;IE,71.0 ,74.2 ,74.5 b,70.0 ,62.7 ,56.0 ,53.6 ,51.9 ,51.6 ,50.2 ,50.1 ,52.6 ,47.8 ,48.4 ,48.2 
A;Y15-24;PC_POP;M;ACT;IT,38.8 ,37.6 ,36.0 ,35.7 ,33.8 ,32.8 ,31.2 ,32.9 ,30.7 ,31.0 ,30.4 ,30.2 ,30.0 ,29.9 ,29.8 
A;Y15-24;PC_POP;M;ACT;LT,29.6 ,29.1 ,31.6 ,34.6 ,32.7 ,31.3 ,32.1 ,32.4 ,35.8 ,38.6 ,36.7 ,38.7 ,37.8 ,38.8 ,38.9 
A;Y15-24;PC_POP;M;ACT;LU,32.1 ,30.6 ,30.6 b,30.9 ,34.9 b,26.8 ,26.3 ,28.8 ,29.8 ,29.6 ,36.2 b,30.4 ,32.6 ,33.9 ,37.8 
A;Y15-24;PC_POP;M;ACT;LV,43.9 ,47.5 ,49.2 ,49.0 ,46.4 ,42.2 ,41.1 ,44.0 ,42.6 ,45.3 ,45.2 ,43.3 ,42.8 ,40.5 ,39.6 
A;Y15-24;PC_POP;M;ACT;MT,55.8 b,56.8 ,57.5 ,55.3 ,54.6 ,53.6 ,55.7 ,54.4 ,56.6 ,53.4 ,53.7 ,54.4 ,54.5 ,55.7 ,56.7 
A;Y15-24;PC_POP;M;ACT;NL,68.2 b,68.1 ,70.6 ,71.4 ,70.5 ,67.9 ,67.0 ,67.7 ,68.4 ,67.0 ,67.5 ,67.2 ,67.0 ,68.0 ,69.7 
A;Y15-24;PC_POP;M;ACT;PL,39.5 ,37.5 ,36.5 ,36.5 ,38.1 ,39.3 b,38.7 ,38.5 ,38.4 ,38.8 ,38.4 ,39.8 ,39.7 ,39.2 ,39.2 
A;Y15-24;PC_POP;M;ACT;PT,46.0 ,45.5 ,44.7 ,43.6 ,40.1 ,38.0 ,40.4 b,39.2 ,36.2 ,34.8 ,34.2 ,35.0 ,35.6 ,36.6 ,36.0 
A;Y15-24;PC_POP;M;ACT;RO,35.9 ,35.1 ,35.9 ,35.9 ,35.9 ,36.5 b,35.3 ,35.3 ,35.1 ,34.8 ,37.0 ,33.9 ,34.6 ,34.6 ,35.7 
A;Y15-24;PC_POP;M;ACT;SE,49.0 b,50.8 ,51.8 ,52.6 ,51.1 ,52.0 ,53.2 ,51.8 ,53.9 ,54.9 ,53.8 ,54.2 ,54.1 ,52.8 b,53.9 
A;Y15-24;PC_POP;M;ACT;SI,44.5 ,44.4 ,47.6 ,47.7 ,45.4 ,44.4 ,42.0 ,38.1 ,37.1 ,36.6 ,38.9 ,36.8 ,42.9 ,42.4 ,39.1 
A;Y15-24;PC_POP;M;ACT;SK,40.7 ,39.7 ,38.9 ,37.8 ,37.1 ,36.4 ,37.2 b,37.1 ,37.6 ,38.0 ,38.3 ,39.8 ,39.6 ,39.7 ,36.8 
A;Y15-24;PC_POP;M;ACT;UK,65.2 ,64.9 ,64.2 b,64.3 b,61.3 ,60.9 ,60.7 ,60.9 ,60.2 ,59.5 ,60.0 ,59.2 ,58.2 ,58.5 ,57.6 
A;Y15-24;PC_POP;M;EMP_LFS;AT,54.8 ,55.8 ,57.0 b,57.6 ,55.8 ,56.6 ,58.0 ,57.1 ,56.4 ,54.3 ,54.0 ,52.9 ,52.1 ,53.9 ,54.8 
A;Y15-24;PC_POP;M;EMP_LFS;BE,29.7 ,30.4 ,29.9 ,29.7 ,27.4 ,27.3 ,27.7 ,27.8 ,25.3 ,24.5 ,25.0 ,24.0 ,24.4 b,26.4 ,27.3 
A;Y15-24;PC_POP;M;EMP_LFS;BG,23.9 ,25.4 ,27.1 ,29.3 ,28.0 ,27.3 b,25.1 b,24.9 ,24.0 ,24.0 ,24.0 ,23.1 ,26.5 ,24.2 ,25.0 
A;Y15-24;PC_POP;M;EMP_LFS;CY,40.5 ,41.0 ,39.1 ,39.4 ,36.4 b,34.4 ,31.8 ,30.5 ,24.0 ,25.8 ,24.0 ,26.5 ,24.2 ,27.3 ,30.4 
A;Y15-24;PC_POP;M;EMP_LFS;CZ,31.3 ,31.5 ,32.8 ,32.4 ,31.1 ,29.6 ,29.0 b,29.2 ,29.9 ,32.3 ,33.1 ,33.8 ,33.8 ,32.2 ,31.6 
A;Y15-24;PC_POP;M;EMP_LFS;DE,43.6 b,45.3 ,47.2 ,48.7 ,47.5 ,47.9 b,49.7 b,48.6 ,48.4 ,47.7 ,46.5 ,46.9 ,47.4 ,48.8 ,50.6 
A;Y15-24;PC_POP;M;EMP_LFS;DK,63.9 ,65.0 ,66.5 ,63.8 b,58.0 ,52.5 ,51.9 ,50.8 ,48.0 ,48.8 ,50.4 ,50.1 b,51.9 b,52.3 ,54.2 
A;Y15-24;PC_POP;M;EMP_LFS;EE,34.5 ,36.8 ,38.2 ,38.9 ,30.0 ,26.5 ,33.1 ,34.2 ,34.0 ,33.4 ,39.4 ,38.8 ,42.8 ,43.5 ,41.4 
A;Y15-24;PC_POP;M;EMP_LFS;EL,29.9 ,29.5 ,29.1 ,28.3 ,27.3 b,24.2 ,19.4 ,16.1 ,14.6 ,15.8 ,15.2 ,14.7 ,15.9 ,15.9 ,15.9 
A;Y15-24;PC_POP;M;EMP_LFS;ES,43.8 b,44.4 ,44.2 ,39.3 ,29.4 ,25.6 ,22.1 ,18.5 ,17.3 ,17.4 ,18.6 ,19.4 ,21.2 ,22.7 ,24.3 
A;Y15-24;PC_POP;M;EMP_LFS;FI,40.4 ,42.6 ,44.5 ,44.3 ,37.7 ,37.7 ,39.5 ,41.0 ,39.1 ,39.8 ,38.1 ,40.1 ,41.4 ,42.6 ,44.1 
A;Y15-24;PC_POP;M;EMP_LFS;FR,33.4 e,32.9 e,33.7 e,33.9 e,32.1 e,32.7 e,32.0 e,30.5 e,30.7 e,29.7 ,30.0 ,29.9 ,31.0 ,32.2 ,31.5 
A;Y15-24;PC_POP;M;EMP_LFS;HR,30.7 e,30.0 e,32.4 ,34.2 ,32.3 ,27.9 ,23.8 ,20.0 ,17.4 ,21.2 ,22.4 ,28.8 ,29.8 ,30.5 ,33.2 
A;Y15-24;PC_POP;M;EMP_LFS;HU,24.4 ,24.6 ,24.4 ,23.3 ,20.0 ,19.9 ,19.7 ,19.8 ,23.0 ,26.4 ,28.1 ,31.5 ,32.9 ,33.4 ,32.8 
A;Y15-24;PC_POP;M;EMP_LFS;IE,64.3 ,67.3 ,66.8 b,58.5 ,42.9 ,36.5 ,34.2 ,32.5 ,36.0 ,36.9 ,38.3 ,42.2 ,40.2 ,41.2 ,41.4 
A;Y15-24;PC_POP;M;EMP_LFS;IT,30.4 ,30.4 ,29.4 ,29.0 ,25.9 ,24.0 ,22.8 ,21.8 ,18.7 ,18.2 ,18.6 ,19.2 ,20.1 ,20.8 ,21.6 
A;Y15-24;PC_POP;M;EMP_LFS;LT,24.9 ,26.2 ,29.4 ,30.1 ,21.2 ,19.1 ,20.9 ,22.8 ,27.6 ,31.0 ,30.8 ,32.5 ,32.3 ,34.1 ,33.4 
A;Y15-24;PC_POP;M;EMP_LFS;LU,28.4 ,25.4 ,26.5 b,27.0 ,29.1 b,22.1 ,22.8 ,23.4 ,24.2 ,21.9 ,29.4 b,24.4 ,27.0 ,28.4 ,31.1 
A;Y15-24;PC_POP;M;EMP_LFS;LV,38.3 ,41.8 ,43.8 ,42.1 ,29.5 ,26.5 ,28.3 ,31.8 ,33.3 ,36.5 ,37.1 ,34.0 ,35.0 ,35.5 ,33.9 
A;Y15-24;PC_POP;M;EMP_LFS;MT,46.7 b,47.5 ,48.9 ,48.0 ,45.8 ,45.9 ,48.0 ,47.1 ,48.2 ,46.1 ,46.6 ,48.9 ,48.5 ,49.5 ,50.7 
A;Y15-24;PC_POP;M;EMP_LFS;NL,59.5 b,61.3 ,63.9 ,64.8 ,62.5 ,59.8 ,60.0 ,59.7 ,59.2 ,58.7 ,59.9 ,59.6 ,61.0 ,62.8 ,64.6 
A;Y15-24;PC_POP;M;EMP_LFS;PL,25.4 ,26.9 ,29.2 ,31.0 ,30.4 ,30.5 b,29.6 ,29.2 ,28.6 ,30.0 ,30.5 ,32.8 ,33.9 ,34.7 ,35.4 
A;Y15-24;PC_POP;M;EMP_LFS;PT,39.6 ,38.7 ,38.5 ,37.7 ,32.5 ,29.7 ,28.7 b,24.8 ,22.9 ,22.9 ,24.1 ,25.5 ,27.6 ,29.3 ,30.4 
A;Y15-24;PC_POP;M;EMP_LFS;RO,28.2 ,27.3 ,28.3 ,29.1 ,28.3 ,28.5 b,26.8 ,27.5 ,27.0 ,26.6 ,29.4 ,27.2 ,28.4 ,28.9 ,29.8 
A;Y15-24;PC_POP;M;EMP_LFS;SE,38.2 b,40.2 ,42.0 ,42.2 ,37.7 ,38.5 ,40.8 ,38.8 ,40.5 ,41.6 ,42.4 ,43.1 ,43.9 ,43.0 b,42.9 
A;Y15-24;PC_POP;M;EMP_LFS;SI,38.1 ,39.2 ,43.2 ,43.0 ,39.1 ,37.6 ,35.7 ,30.4 ,29.7 ,29.5 ,32.0 ,31.1 ,38.6 ,38.9 ,36.2 
A;Y15-24;PC_POP;M;EMP_LFS;SK,28.1 ,29.2 ,30.9 ,30.8 ,26.8 ,23.8 ,24.8 b,24.1 ,24.4 ,26.8 ,28.4 ,31.9 ,32.4 ,34.0 ,31.6 
A;Y15-24;PC_POP;M;EMP_LFS;UK,55.8 ,54.7 ,54.0 b,53.3 b,47.9 ,47.6 ,46.3 ,46.4 ,46.4 ,48.2 ,50.3 ,50.4 ,50.3 ,51.4 ,50.1 
A;Y15-64;PC_POP;F;ACT;AT,64.9 ,66.0 ,67.1 b,67.8 ,68.7 ,68.9 ,69.3 ,70.0 ,70.7 ,70.8 ,70.9 ,71.7 ,71.8 ,72.0 ,72.3 
A;Y15-64;PC_POP;F;ACT;BE,59.5 ,59.5 ,60.4 ,60.8 ,60.9 ,61.8 ,61.1 ,61.3 ,62.3 ,63.0 ,63.0 ,62.9 ,63.2 b,64.3 ,64.9 
A;Y15-64;PC_POP;F;ACT;BG,57.3 ,60.2 ,62.1 ,63.1 ,62.5 ,62.2 b,61.9 b,63.2 ,64.5 ,65.0 ,65.4 ,64.6 ,67.1 ,67.0 ,68.7 
A;Y15-64;PC_POP;F;ACT;CY,62.5 ,63.8 ,65.4 ,65.7 ,66.0 b,67.4 ,67.4 ,66.9 ,67.2 ,69.1 ,69.4 ,68.5 ,69.3 ,70.4 ,71.0 
A;Y15-64;PC_POP;F;ACT;CZ,62.4 ,62.3 ,61.5 ,61.0 ,61.5 ,61.5 ,62.2 b,63.5 ,65.1 ,65.6 ,66.5 ,67.6 ,68.7 ,69.6 ,69.8 
A;Y15-64;PC_POP;F;ACT;DE,66.9 b,68.5 ,69.4 ,69.7 ,70.4 ,70.9 b,71.9 b,71.9 ,72.6 ,72.9 ,73.1 ,73.6 ,74.0 ,74.3 ,74.9 
A;Y15-64;PC_POP;F;ACT;DK,75.9 ,77.0 ,76.4 ,75.5 b,75.2 ,74.6 ,74.6 ,74.4 ,74.0 ,73.4 ,73.6 ,74.7 b,75.1 b,75.3 ,76.1 
A;Y15-64;PC_POP;F;ACT;EE,67.9 ,69.6 ,68.9 ,70.3 ,70.6 ,71.1 ,71.5 ,71.4 ,71.8 ,71.3 ,73.0 ,73.2 ,75.1 ,75.6 ,75.8 
A;Y15-64;PC_POP;F;ACT;EL,54.5 ,55.0 ,54.8 ,55.0 ,56.5 b,57.5 ,57.5 ,58.3 ,58.3 ,59.0 ,59.9 ,60.4 ,60.3 ,59.9 ,60.4 
A;Y15-64;PC_POP;F;ACT;ES,58.9 b,60.7 ,61.9 ,63.6 ,65.1 ,66.3 ,67.3 ,68.4 ,68.7 ,68.8 ,69.0 ,69.2 ,68.8 ,68.6 ,69.0 
A;Y15-64;PC_POP;F;ACT;FI,72.8 ,73.3 ,73.8 ,73.9 ,73.5 ,72.5 ,72.7 ,73.4 ,73.4 ,73.9 ,74.4 ,74.1 ,74.9 ,76.3 ,76.6 
A;Y15-64;PC_POP;F;ACT;FR,64.1 e,64.2 e,64.5 e,64.8 e,65.3 e,65.4 e,65.4 e,66.0 e,66.7 e,67.1 ,67.3 ,67.6 ,67.6 ,68.1 ,68.2 
A;Y15-64;PC_POP;F;ACT;HR,56.8 e,56.8 e,58.4 ,59.0 ,60.3 ,59.6 ,57.6 ,58.0 ,58.5 ,61.3 ,62.3 ,60.9 ,61.4 ,61.7 ,61.6 
A;Y15-64;PC_POP;F;ACT;HU,55.1 ,55.5 ,54.9 ,54.7 ,55.0 ,56.3 ,56.6 ,58.0 ,58.6 ,60.7 ,62.2 ,63.5 ,64.2 ,64.9 ,65.3 
A;Y15-64;PC_POP;F;ACT;IE,63.6 ,64.7 ,66.2 b,66.0 ,65.3 ,64.5 ,64.4 ,64.5 ,65.4 ,65.2 ,65.2 ,66.3 ,66.6 ,67.1 ,67.4 
A;Y15-64;PC_POP;F;ACT;IT,50.5 ,50.8 ,50.6 ,51.6 ,51.1 ,51.1 ,51.4 ,53.4 ,53.6 ,54.4 ,54.1 ,55.2 ,55.9 ,56.2 ,56.5 
A;Y15-64;PC_POP;F;ACT;LT,65.2 ,64.6 ,64.9 ,65.5 ,67.6 ,68.6 ,69.4 ,70.1 ,70.3 ,71.6 ,72.5 ,73.9 ,74.6 ,75.8 ,76.9 
A;Y15-64;PC_POP;F;ACT;LU,57.0 ,58.2 ,58.9 b,58.7 ,60.7 b,60.3 ,60.7 ,62.8 ,63.2 ,64.2 ,65.6 b,64.7 ,66.2 ,67.4 ,67.4 
A;Y15-64;PC_POP;F;ACT;LV,64.8 ,66.4 ,67.8 ,70.3 ,70.7 ,70.8 ,70.1 ,72.0 ,71.6 ,71.6 ,72.8 ,74.0 ,74.3 ,75.1 ,75.0 
A;Y15-64;PC_POP;F;ACT;MT,36.4 b,36.8 ,39.1 ,40.4 ,41.2 ,42.5 ,44.7 ,48.9 ,52.0 ,54.3 ,55.5 ,58.0 ,60.2 ,63.8 ,65.5 
A;Y15-64;PC_POP;F;ACT;NL,67.7 b,68.5 ,70.1 ,71.3 ,72.0 ,72.3 ,72.9 ,74.0 ,74.4 ,73.8 ,74.7 ,75.0 ,75.2 ,75.8 ,76.7 
A;Y15-64;PC_POP;F;ACT;PL,58.1 ,56.8 ,56.5 ,57.0 ,57.8 ,58.5 b,58.9 ,59.7 ,60.1 ,61.1 ,61.4 ,62.0 ,62.6 ,63.3 ,63.4 
A;Y15-64;PC_POP;F;ACT;PT,67.8 ,68.2 ,68.7 ,68.9 ,68.9 ,69.7 ,69.5 b,69.7 ,69.8 ,70.0 ,70.3 ,70.5 ,71.6 ,72.4 ,72.9 
A;Y15-64;PC_POP;F;ACT;RO,55.3 ,56.6 ,56.0 ,55.2 ,55.4 ,56.2 b,56.1 ,56.4 ,56.3 ,56.9 ,56.7 ,56.2 ,58.2 ,58.3 ,58.9 
A;Y15-64;PC_POP;F;ACT;SE,75.9 b,76.3 ,76.8 ,76.9 ,76.4 ,76.2 ,77.3 ,77.9 ,78.8 ,79.3 ,79.9 ,80.2 ,80.7 ,81.0 b,81.2 
A;Y15-64;PC_POP;F;ACT;SI,66.1 ,66.7 ,66.6 ,67.5 ,67.9 ,67.4 ,66.5 ,66.9 ,66.6 ,67.2 ,67.9 ,68.6 ,71.2 ,71.7 ,72.2 
A;Y15-64;PC_POP;F;ACT;SK,61.5 ,60.9 ,60.8 ,61.3 ,60.6 ,61.3 ,60.8 b,61.7 ,62.5 ,62.9 ,64.3 ,65.4 ,65.9 ,65.9 ,66.4 
A;Y15-64;PC_POP;F;ACT;UK,68.8 ,69.2 ,68.9 b,69.3 b,69.5 ,69.3 ,69.6 ,70.2 ,70.9 ,71.3 ,71.7 ,72.2 ,72.9 ,73.2 ,73.8 
A;Y15-64;PC_POP;F;EMP_LFS;AT,61.1 ,62.2 ,63.5 b,64.8 ,65.2 ,65.7 ,66.1 ,66.7 ,66.9 ,66.9 ,67.1 ,67.7 ,68.2 ,68.6 ,69.2 
A;Y15-64;PC_POP;F;EMP_LFS;BE,53.8 ,54.0 ,55.3 ,56.2 ,56.0 ,56.5 ,56.7 ,56.8 ,57.2 ,57.9 ,58.0 ,58.1 ,58.7 b,60.7 ,61.7 
A;Y15-64;PC_POP;F;EMP_LFS;BG,51.7 ,54.6 ,57.6 ,59.5 ,58.3 ,56.2 b,55.6 b,56.3 ,56.8 ,58.2 ,59.8 ,60.0 ,63.1 ,63.9 ,66.0 
A;Y15-64;PC_POP;F;EMP_LFS;CY,58.4 ,60.3 ,62.4 ,62.9 ,62.3 b,63.0 ,62.1 ,59.4 ,56.9 ,58.6 ,59.0 ,59.3 ,61.4 ,64.2 ,65.2 
A;Y15-64;PC_POP;F;EMP_LFS;CZ,56.3 ,56.8 ,57.3 ,57.6 ,56.7 ,56.3 ,57.2 b,58.2 ,59.6 ,60.7 ,62.4 ,64.4 ,66.2 ,67.6 ,68.1 
A;Y15-64;PC_POP;F;EMP_LFS;DE,59.6 b,61.5 ,63.2 ,64.3 ,65.2 ,66.2 b,67.8 b,68.1 ,69.0 ,69.5 ,69.9 ,70.8 ,71.5 ,72.1 ,72.8 
A;Y15-64;PC_POP;F;EMP_LFS;DK,71.9 ,73.4 ,73.2 ,72.4 b,70.9 ,69.5 ,68.8 ,68.5 ,68.3 ,68.0 ,68.7 ,69.8 b,70.5 b,71.3 ,72.0 
A;Y15-64;PC_POP;F;EMP_LFS;EE,63.1 ,65.6 ,66.2 ,66.6 ,63.2 ,60.8 ,63.0 ,64.7 ,65.7 ,66.3 ,68.5 ,68.6 ,70.9 ,71.4 ,71.9 
A;Y15-64;PC_POP;F;EMP_LFS;EL,46.0 ,47.3 ,47.7 ,48.6 ,48.9 b,48.0 ,45.0 ,41.7 ,39.9 ,41.1 ,42.5 ,43.3 ,44.4 ,45.3 ,47.3 
A;Y15-64;PC_POP;F;EMP_LFS;ES,51.8 b,53.8 ,55.3 ,55.4 ,53.3 ,52.8 ,52.6 ,51.2 ,50.3 ,51.2 ,52.7 ,54.3 ,55.7 ,56.9 ,57.9 
A;Y15-64;PC_POP;F;EMP_LFS;FI,66.5 ,67.3 ,68.5 ,69.0 ,67.9 ,66.9 ,67.4 ,68.2 ,67.8 ,68.0 ,67.7 ,67.6 ,68.5 ,70.6 ,71.8 
A;Y15-64;PC_POP;F;EMP_LFS;FR,57.9 e,58.1 e,59.1 e,59.8 e,59.3 e,59.2 e,59.2 e,59.5 e,59.8 e,60.3 ,60.6 ,60.9 ,61.2 ,61.9 ,62.4 
A;Y15-64;PC_POP;F;EMP_LFS;HR,48.6 e,49.3 e,51.6 ,52.7 ,53.7 ,52.1 ,49.5 ,48.5 ,48.5 ,50.0 ,51.6 ,52.4 ,54.0 ,55.9 ,57.1 
A;Y15-64;PC_POP;F;EMP_LFS;HU,51.0 ,51.1 ,50.7 ,50.3 ,49.6 ,50.2 ,50.3 ,51.9 ,52.6 ,55.9 ,57.8 ,60.2 ,61.3 ,62.3 ,63.0 
A;Y15-64;PC_POP;F;EMP_LFS;IE,60.6 ,61.5 ,62.9 b,62.2 ,59.0 ,57.1 ,56.3 ,56.2 ,57.1 ,58.0 ,59.3 ,61.1 ,62.4 ,63.3 ,64.2 
A;Y15-64;PC_POP;F;EMP_LFS;IT,45.4 ,46.3 ,46.6 ,47.2 ,46.4 ,46.1 ,46.5 ,47.1 ,46.5 ,46.8 ,47.2 ,48.1 ,48.9 ,49.5 ,50.1 
A;Y15-64;PC_POP;F;EMP_LFS;LT,59.6 ,61.0 ,62.0 ,61.8 ,60.4 ,58.5 ,60.2 ,61.8 ,62.8 ,64.9 ,66.5 ,68.8 ,70.2 ,71.6 ,72.5 
A;Y15-64;PC_POP;F;EMP_LFS;LU,53.7 ,54.6 ,56.1 b,55.1 ,57.0 b,57.2 ,56.9 ,59.0 ,59.1 ,60.5 ,60.8 b,60.4 ,62.5 ,63.4 ,63.6 
A;Y15-64;PC_POP;F;EMP_LFS;LV,58.2 ,61.8 ,63.9 ,65.2 ,60.4 ,59.0 ,60.2 ,61.7 ,63.4 ,64.3 ,66.4 ,67.6 ,68.4 ,70.1 ,70.7 
A;Y15-64;PC_POP;F;EMP_LFS;MT,33.4 b,33.7 ,36.0 ,37.7 ,38.0 ,39.5 ,41.5 ,45.3 ,48.8 ,51.6 ,52.5 ,55.0 ,57.6 ,61.5 ,62.8 
A;Y15-64;PC_POP;F;EMP_LFS;NL,63.0 b,64.2 ,66.5 ,68.1 ,68.5 ,68.3 ,68.9 ,69.4 ,69.0 ,68.1 ,69.2 ,70.1 ,71.3 ,72.8 ,74.1 
A;Y15-64;PC_POP;F;EMP_LFS;PL,46.8 ,48.2 ,50.6 ,52.4 ,52.8 ,52.6 b,52.7 ,53.1 ,53.4 ,55.2 ,56.6 ,58.1 ,59.5 ,60.8 ,61.1 
A;Y15-64;PC_POP;F;EMP_LFS;PT,61.6 ,61.8 ,61.8 ,62.5 ,61.5 ,61.0 ,60.1 b,58.5 ,57.9 ,59.6 ,61.1 ,62.4 ,64.8 ,66.9 ,67.6 
A;Y15-64;PC_POP;F;EMP_LFS;RO,51.5 ,53.0 ,52.8 ,52.5 ,52.0 ,52.5 b,52.3 ,52.8 ,52.6 ,53.3 ,53.2 ,53.3 ,55.8 ,56.2 ,56.8 
A;Y15-64;PC_POP;F;EMP_LFS;SE,70.2 b,70.7 ,71.8 ,71.8 ,70.2 ,69.7 ,71.3 ,71.8 ,72.5 ,73.1 ,74.0 ,74.8 ,75.4 ,75.9 b,75.4 
A;Y15-64;PC_POP;F;EMP_LFS;SI,61.3 ,61.8 ,62.6 ,64.2 ,63.8 ,62.6 ,60.9 ,60.5 ,59.2 ,60.0 ,61.0 ,62.6 ,65.8 ,67.5 ,68.6 
A;Y15-64;PC_POP;F;EMP_LFS;SK,50.9 ,51.9 ,53.0 ,54.6 ,52.8 ,52.3 ,52.5 b,52.7 ,53.4 ,54.3 ,55.9 ,58.3 ,60.3 ,61.2 ,62.4 
A;Y15-64;PC_POP;F;EMP_LFS;UK,65.8 ,65.8 ,65.5 b,65.7 b,64.9 ,64.5 ,64.4 ,64.9 ,65.8 ,67.1 ,67.9 ,68.8 ,69.7 ,70.3 ,71.1 
A;Y15-64;PC_POP;M;ACT;AT,78.0 ,78.9 ,80.0 b,80.0 ,80.0 ,80.0 ,79.9 ,80.2 ,80.4 ,80.0 ,80.1 ,80.7 ,81.0 ,81.6 ,81.8 
A;Y15-64;PC_POP;M;ACT;BE,73.9 ,73.4 ,73.6 ,73.3 ,72.8 ,73.4 ,72.3 ,72.5 ,72.7 ,72.4 ,72.2 ,72.3 ,72.8 b,72.8 ,73.1 
A;Y15-64;PC_POP;M;ACT;BG,67.0 ,68.8 ,70.6 ,72.5 ,72.0 ,71.1 b,69.9 b,71.0 ,72.2 ,72.9 ,73.2 ,72.7 ,75.4 ,75.9 ,77.6 
A;Y15-64;PC_POP;M;ACT;CY,82.9 ,82.7 ,82.9 ,82.0 ,80.7 b,80.4 ,80.4 ,80.7 ,80.6 ,80.0 ,78.8 ,78.7 ,78.8 ,79.9 ,81.5 
A;Y15-64;PC_POP;M;ACT;CZ,78.4 ,78.3 ,78.1 ,78.1 ,78.5 ,78.6 ,78.7 b,79.5 ,80.5 ,81.2 ,81.4 ,82.2 ,82.9 ,83.3 ,83.4 
A;Y15-64;PC_POP;M;ACT;DE,80.6 b,81.3 ,81.7 ,82.0 ,82.2 ,82.4 b,82.7 b,82.6 ,82.6 ,82.5 ,82.1 ,82.2 ,82.4 ,82.9 ,83.5 
A;Y15-64;PC_POP;M;ACT;DK,83.6 ,84.1 ,83.7 ,83.1 b,82.1 ,81.3 ,81.0 ,80.0 ,79.0 ,79.7 ,80.2 ,80.2 b,80.7 b,81.1 ,82.0 
A;Y15-64;PC_POP;M;ACT;EE,73.6 ,76.2 ,77.8 ,78.4 ,77.7 ,76.8 ,78.2 ,78.4 ,78.6 ,79.3 ,80.4 ,81.9 ,82.7 ,82.6 ,82.1 
A;Y15-64;PC_POP;M;ACT;EL,78.4 ,78.5 ,78.4 ,78.4 ,78.5 b,78.3 ,77.2 ,76.9 ,76.9 ,76.0 ,75.9 ,76.2 ,76.4 ,76.6 ,76.7 
A;Y15-64;PC_POP;M;ACT;ES,80.9 b,81.2 ,81.4 ,81.6 ,80.8 ,80.6 ,80.4 ,80.1 ,79.8 ,79.5 ,79.5 ,79.2 ,78.9 ,78.8 ,78.5 
A;Y15-64;PC_POP;M;ACT;FI,76.6 ,77.1 ,77.2 ,77.9 ,76.4 ,76.4 ,77.2 ,77.1 ,76.8 ,76.8 ,77.2 ,77.7 ,78.5 ,79.5 ,79.9 
A;Y15-64;PC_POP;M;ACT;FR,75.0 e,74.7 e,74.4 e,74.4 e,74.7 e,74.7 e,74.5 e,75.1 e,75.3 e,75.1 ,75.3 ,75.3 ,75.6 ,75.7 ,75.3 
A;Y15-64;PC_POP;M;ACT;HR,70.0 e,69.3 e,73.0 ,72.5 ,71.0 ,70.6 ,70.7 ,69.8 ,68.9 ,70.9 ,71.6 ,70.3 ,71.5 ,70.9 ,71.5 
A;Y15-64;PC_POP;M;ACT;HU,67.9 ,68.9 ,68.6 ,68.0 ,67.7 ,67.8 ,68.4 ,69.6 ,71.0 ,73.4 ,75.3 ,76.9 ,78.2 ,79.1 ,80.0 
A;Y15-64;PC_POP;M;ACT;IE,83.9 ,84.8 ,84.7 b,83.5 ,80.7 ,78.7 ,78.0 ,77.8 ,78.3 ,78.6 ,79.0 ,79.2 ,78.8 ,78.8 ,79.2 
A;Y15-64;PC_POP;M;ACT;IT,74.6 ,74.5 ,74.3 ,74.3 ,73.5 ,73.1 ,72.8 ,73.7 ,73.3 ,73.6 ,74.1 ,74.8 ,75.0 ,75.1 ,75.0 
A;Y15-64;PC_POP;M;ACT;LT,72.4 ,70.7 ,71.3 ,71.6 ,71.7 ,72.0 ,73.5 ,73.7 ,74.7 ,76.0 ,75.8 ,77.1 ,77.4 ,78.9 ,79.2 
A;Y15-64;PC_POP;M;ACT;LU,76.0 ,75.3 ,75.0 b,74.7 ,76.6 b,76.0 ,75.0 ,75.9 ,76.3 ,77.2 ,76.0 b,75.1 ,74.0 ,74.7 ,76.4 
A;Y15-64;PC_POP;M;ACT;LV,73.9 ,76.1 ,77.9 ,78.3 ,76.6 ,75.3 ,75.8 ,77.1 ,76.6 ,77.8 ,78.9 ,78.8 ,79.8 ,80.5 ,79.8 
A;Y15-64;PC_POP;M;ACT;MT,78.5 b,78.5 ,78.0 ,77.2 ,77.0 ,77.8 ,78.6 ,78.5 ,80.0 ,80.8 ,81.5 ,82.5 ,83.4 ,84.8 ,85.3 
A;Y15-64;PC_POP;M;ACT;NL,82.3 b,82.2 ,83.2 ,84.2 ,84.1 ,83.3 ,83.2 ,83.9 ,84.3 ,84.2 ,84.6 ,84.4 ,84.2 ,84.7 ,85.1 
A;Y15-64;PC_POP;M;ACT;PL,70.8 ,70.1 ,70.0 ,70.9 ,71.8 ,72.1 b,72.6 ,73.3 ,73.9 ,74.6 ,74.8 ,75.7 ,76.6 ,77.0 ,77.7 
A;Y15-64;PC_POP;M;ACT;PT,78.9 ,79.2 ,79.2 ,79.2 ,78.2 ,77.8 ,78.0 b,77.3 ,76.5 ,76.7 ,76.7 ,77.2 ,77.9 ,78.1 ,78.3 
A;Y15-64;PC_POP;M;ACT;RO,69.4 ,70.7 ,70.1 ,70.6 ,70.9 ,73.7 b,72.1 ,73.2 ,73.4 ,74.3 ,75.3 ,74.8 ,76.2 ,76.9 ,78.0 
A;Y15-64;PC_POP;M;ACT;SE,80.5 b,81.2 ,81.4 ,81.7 ,81.4 ,81.9 ,82.4 ,82.6 ,83.3 ,83.6 ,83.5 ,83.9 ,84.3 ,84.4 b,84.6 
A;Y15-64;PC_POP;M;ACT;SI,75.1 ,74.9 ,75.8 ,75.8 ,75.6 ,75.4 ,73.9 ,73.7 ,74.2 ,74.3 ,75.4 ,74.5 ,77.1 ,78.2 ,78.0 
A;Y15-64;PC_POP;M;ACT;SK,76.5 ,76.4 ,75.9 ,76.4 ,76.3 ,76.1 ,76.6 b,77.1 ,77.2 ,77.6 ,77.5 ,78.3 ,78.2 ,78.7 ,78.8 
A;Y15-64;PC_POP;M;ACT;UK,82.1 ,82.3 ,82.2 b,82.4 b,82.0 ,81.5 ,81.5 ,82.0 ,82.1 ,82.2 ,82.2 ,82.4 ,82.3 ,82.6 ,82.5 
A;Y15-64;PC_POP;M;EMP_LFS;AT,73.7 ,74.9 ,76.3 b,76.8 ,75.5 ,76.0 ,76.2 ,76.2 ,76.0 ,75.2 ,75.1 ,75.4 ,76.2 ,77.4 ,78.0 
A;Y15-64;PC_POP;M;EMP_LFS;BE,68.3 ,67.9 ,68.7 ,68.6 ,67.2 ,67.4 ,67.1 ,66.9 ,66.4 ,65.8 ,65.5 ,66.5 ,67.5 b,68.2 ,68.9 
A;Y15-64;PC_POP;M;EMP_LFS;BG,60.0 ,62.8 ,66.0 ,68.5 ,66.9 ,63.3 b,61.2 b,61.3 ,62.1 ,63.9 ,65.9 ,66.7 ,70.6 ,71.5 ,74.1 
A;Y15-64;PC_POP;M;EMP_LFS;CY,79.2 ,79.4 ,80.0 ,79.2 ,76.3 b,75.3 ,73.7 ,70.4 ,67.0 ,66.0 ,66.7 ,68.6 ,70.0 ,73.3 ,76.2 
A;Y15-64;PC_POP;M;EMP_LFS;CZ,73.3 ,73.7 ,74.8 ,75.4 ,73.8 ,73.5 ,74.0 b,74.6 ,75.7 ,77.0 ,77.9 ,79.3 ,80.9 ,81.8 ,81.9 
A;Y15-64;PC_POP;M;EMP_LFS;DE,71.3 b,72.8 ,74.7 ,75.8 ,75.4 ,76.3 b,77.6 b,77.9 ,78.0 ,78.1 ,78.0 ,78.4 ,78.9 ,79.7 ,80.5 
A;Y15-64;PC_POP;M;EMP_LFS;DK,79.8 ,81.2 ,80.8 ,80.2 b,76.1 ,74.1 ,74.4 ,73.6 ,73.2 ,74.1 ,75.2 ,75.5 b,76.0 b,76.9 ,78.0 
A;Y15-64;PC_POP;M;EMP_LFS;EE,66.7 ,71.4 ,73.5 ,73.7 ,64.3 ,61.7 ,67.8 ,69.7 ,71.4 ,73.0 ,75.3 ,75.7 ,77.4 ,78.1 ,78.7 
A;Y15-64;PC_POP;M;EMP_LFS;EL,73.4 ,73.9 ,74.2 ,74.4 ,73.0 b,70.3 ,65.4 ,60.1 ,57.9 ,58.0 ,59.3 ,61.0 ,62.7 ,64.7 ,65.9 
A;Y15-64;PC_POP;M;EMP_LFS;ES,75.1 b,76.1 ,76.1 ,73.3 ,66.5 ,64.8 ,63.4 ,60.3 ,59.2 ,60.7 ,62.9 ,64.8 ,66.5 ,67.9 ,68.7 
A;Y15-64;PC_POP;M;EMP_LFS;FI,70.3 ,71.4 ,72.1 ,73.1 ,69.5 ,69.4 ,70.6 ,70.5 ,69.9 ,69.5 ,69.3 ,70.5 ,71.4 ,73.5 ,74.1 
A;Y15-64;PC_POP;M;EMP_LFS;FR,68.8 e,68.5 e,68.7 e,69.2 e,67.9 e,67.9 e,67.8 e,67.6 e,67.4 e,67.1 ,67.1 ,67.5 ,68.4 ,68.9 ,68.8 
A;Y15-64;PC_POP;M;EMP_LFS;HR,61.6 e,62.2 e,66.5 ,67.3 ,65.2 ,62.7 ,60.9 ,58.5 ,56.5 ,59.1 ,60.3 ,61.4 ,63.8 ,65.4 ,67.0 
A;Y15-64;PC_POP;M;EMP_LFS;HU,63.1 ,63.9 ,63.7 ,62.7 ,60.7 ,59.9 ,60.7 ,61.6 ,63.7 ,67.8 ,70.3 ,73.0 ,75.2 ,76.3 ,77.3 
A;Y15-64;PC_POP;M;EMP_LFS;IE,80.0 ,80.7 ,80.4 b,77.0 ,68.2 ,64.9 ,63.8 ,63.7 ,66.4 ,68.4 ,70.3 ,71.8 ,73.0 ,74.1 ,75.0 
A;Y15-64;PC_POP;M;EMP_LFS;IT,69.9 ,70.4 ,70.6 ,70.1 ,68.5 ,67.5 ,67.3 ,66.3 ,64.7 ,64.7 ,65.5 ,66.5 ,67.1 ,67.6 ,68.0 
A;Y15-64;PC_POP;M;EMP_LFS;LT,66.4 ,66.4 ,68.2 ,67.2 ,59.3 ,56.5 ,60.1 ,62.2 ,64.7 ,66.5 ,68.0 ,70.0 ,70.6 ,73.3 ,73.5 
A;Y15-64;PC_POP;M;EMP_LFS;LU,73.3 ,72.6 ,72.3 b,71.5 ,73.2 b,73.1 ,72.1 ,72.5 ,72.1 ,72.6 ,71.3 b,70.5 ,69.9 ,70.6 ,72.1 
A;Y15-64;PC_POP;M;EMP_LFS;LV,66.4 ,70.4 ,72.7 ,71.5 ,60.3 ,57.9 ,61.5 ,64.4 ,66.8 ,68.4 ,69.9 ,70.0 ,71.9 ,73.6 ,73.9 
A;Y15-64;PC_POP;M;EMP_LFS;MT,73.5 b,73.6 ,73.5 ,72.9 ,71.9 ,72.5 ,73.8 ,74.0 ,75.1 ,75.7 ,77.0 ,78.9 ,80.1 ,81.5 ,82.4 
A;Y15-64;PC_POP;M;EMP_LFS;NL,78.1 b,78.8 ,80.4 ,81.7 ,80.7 ,79.5 ,79.3 ,79.3 ,78.2 ,78.1 ,79.0 ,79.6 ,80.4 ,81.6 ,82.2 
A;Y15-64;PC_POP;M;EMP_LFS;PL,58.9 ,60.9 ,63.6 ,66.3 ,66.1 ,65.3 b,66.0 ,66.3 ,66.6 ,68.2 ,69.2 ,71.0 ,72.8 ,74.0 ,75.3 
A;Y15-64;PC_POP;M;EMP_LFS;PT,73.3 ,73.7 ,73.6 ,73.8 ,70.8 ,69.8 ,67.7 b,64.5 ,63.5 ,65.8 ,66.9 ,68.3 ,71.1 ,72.7 ,73.6 
A;Y15-64;PC_POP;M;EMP_LFS;RO,63.7 ,64.6 ,64.8 ,65.7 ,65.2 ,67.9 b,66.3 ,67.6 ,67.6 ,68.7 ,69.5 ,69.7 ,71.8 ,73.2 ,74.6 
A;Y15-64;PC_POP;M;EMP_LFS;SE,74.3 b,75.5 ,76.5 ,76.7 ,74.2 ,74.6 ,75.8 ,75.6 ,76.3 ,76.5 ,77.0 ,77.5 ,78.3 ,78.8 b,78.8 
A;Y15-64;PC_POP;M;EMP_LFS;SI,70.4 ,71.1 ,72.7 ,72.7 ,71.0 ,69.6 ,67.7 ,67.4 ,67.1 ,67.5 ,69.2 ,68.9 ,72.5 ,74.5 ,74.8 
A;Y15-64;PC_POP;M;EMP_LFS;SK,64.6 ,67.0 ,68.4 ,70.0 ,67.6 ,65.2 ,66.1 b,66.7 ,66.4 ,67.6 ,69.5 ,71.4 ,72.0 ,73.9 ,74.4 
A;Y15-64;PC_POP;M;EMP_LFS;UK,77.8 ,77.6 ,77.6 b,77.4 b,74.9 ,74.4 ,74.3 ,75.0 ,75.4 ,76.8 ,77.6 ,78.2 ,78.6 ,79.1 ,79.2 
A;Y25-54;PC_POP;F;ACT;AT,79.4 ,80.1 ,80.5 b,80.9 ,82.1 ,82.4 ,83.2 ,84.0 ,84.5 ,84.5 ,84.4 ,84.9 ,85.0 ,84.8 ,85.7 
A;Y25-54;PC_POP;F;ACT;BE,76.8 ,77.0 ,78.0 ,79.0 ,79.2 ,80.4 ,78.7 ,79.1 ,79.7 ,80.6 ,80.2 ,79.8 ,79.6 b,80.3 ,80.3 
A;Y25-54;PC_POP;F;ACT;BG,77.2 ,79.4 ,81.4 ,82.1 ,80.6 ,79.6 b,79.3 b,79.8 ,80.3 ,80.2 ,79.8 ,78.2 ,80.5 ,80.2 ,81.4 
A;Y25-54;PC_POP;F;ACT;CY,76.5 ,77.4 ,78.7 ,79.1 ,79.8 b,81.0 ,82.0 ,82.0 ,82.0 ,83.9 ,83.8 ,81.8 ,82.5 ,82.1 ,83.5 
A;Y25-54;PC_POP;F;ACT;CZ,81.6 ,81.3 ,80.3 ,79.6 ,79.9 ,79.8 ,80.4 b,80.9 ,81.9 ,81.6 ,81.4 ,82.1 ,82.1 ,82.3 ,81.8 
A;Y25-54;PC_POP;F;ACT;DE,79.1 b,80.3 ,80.6 ,80.5 ,81.0 ,81.3 b,82.1 b,82.3 ,82.4 ,82.5 ,82.5 ,82.6 ,82.5 ,82.9 ,83.3 
A;Y25-54;PC_POP;F;ACT;DK,84.5 ,85.4 ,85.3 ,85.7 b,85.9 ,85.0 ,84.3 ,84.4 ,84.3 ,83.0 ,82.4 ,82.4 b,82.2 b,82.6 ,82.8 
A;Y25-54;PC_POP;F;ACT;EE,83.3 ,85.5 ,83.6 ,83.7 ,83.8 ,84.8 ,84.7 ,83.5 ,82.9 ,82.0 ,83.0 ,81.8 ,83.7 ,83.0 ,82.8 
A;Y25-54;PC_POP;F;ACT;EL,68.4 ,69.2 ,69.2 ,69.5 ,71.1 b,72.4 ,72.8 ,74.0 ,74.3 ,75.6 ,77.7 ,77.7 ,77.0 ,76.7 ,77.6 
A;Y25-54;PC_POP;F;ACT;ES,69.8 b,71.8 ,73.3 ,75.3 ,77.2 ,78.8 ,79.7 ,81.1 ,81.8 ,82.0 ,82.0 ,82.3 ,82.0 ,81.8 ,82.3 
A;Y25-54;PC_POP;F;ACT;FI,85.1 ,85.3 ,85.6 ,85.9 ,85.7 ,84.4 ,84.3 ,84.1 ,83.3 ,83.6 ,83.6 ,82.8 ,83.6 ,84.6 ,84.9 
A;Y25-54;PC_POP;F;ACT;FR,80.4 e,80.8 e,81.4 e,82.2 e,82.5 e,82.9 e,82.5 e,82.6 e,83.1 e,83.0 ,82.7 ,82.8 ,82.5 ,83.1 ,83.1 
A;Y25-54;PC_POP;F;ACT;HR,75.4 e,75.1 e,75.7 ,76.9 ,77.8 ,77.4 ,75.8 ,76.6 ,76.8 ,81.5 ,82.1 ,78.8 ,79.9 ,80.3 ,80.2 
A;Y25-54;PC_POP;F;ACT;HU,72.1 ,73.1 ,73.2 ,73.4 ,73.6 ,74.6 ,74.4 ,76.5 ,77.1 ,78.8 ,79.6 ,79.8 ,80.4 ,80.7 ,80.6 
A;Y25-54;PC_POP;F;ACT;IE,70.0 ,70.9 ,72.4 b,72.5 ,72.6 ,72.6 ,72.7 ,73.0 ,74.1 ,74.4 ,74.6 ,74.9 ,75.9 ,76.7 ,76.7 
A;Y25-54;PC_POP;F;ACT;IT,63.7 ,64.4 ,64.1 ,65.3 ,64.6 ,64.5 ,64.7 ,66.5 ,66.1 ,66.4 ,65.9 ,66.8 ,67.3 ,67.4 ,67.8 
A;Y25-54;PC_POP;F;ACT;LT,85.8 ,83.2 ,83.6 ,83.6 ,86.0 ,87.8 ,88.9 ,89.0 ,88.4 ,88.7 ,88.2 ,88.5 ,88.1 ,88.3 ,89.2 
A;Y25-54;PC_POP;F;ACT;LU,72.2 ,73.8 ,74.7 b,72.9 ,75.3 b,76.4 ,77.1 ,79.2 ,80.5 ,80.9 ,81.3 b,81.1 ,84.0 ,84.4 ,84.0 
A;Y25-54;PC_POP;F;ACT;LV,81.5 ,82.2 ,82.8 ,85.6 ,85.9 ,86.3 ,85.3 ,85.7 ,84.8 ,84.0 ,84.6 ,85.5 ,85.4 ,86.0 ,85.5 
A;Y25-54;PC_POP;F;ACT;MT,38.7 b,40.8 ,44.3 ,46.7 ,48.9 ,50.6 ,54.0 ,59.7 ,63.6 ,65.7 ,67.2 ,69.7 ,72.0 ,74.6 ,76.5 
A;Y25-54;PC_POP;F;ACT;NL,77.4 b,78.5 ,79.9 ,81.4 ,81.7 ,82.2 ,81.8 ,82.3 ,82.6 ,81.9 ,82.1 ,82.2 ,82.0 ,82.4 ,83.3 
A;Y25-54;PC_POP;F;ACT;PL,76.4 ,75.4 ,75.6 ,76.3 ,77.5 ,78.6 b,78.6 ,79.1 ,79.1 ,79.6 ,79.6 ,79.0 ,78.7 ,79.3 ,79.0 
A;Y25-54;PC_POP;F;ACT;PT,81.7 ,82.6 ,82.7 ,82.9 ,83.3 ,84.9 ,84.5 b,85.0 ,85.5 ,85.8 ,86.0 ,86.6 ,87.0 ,87.3 ,88.0 
A;Y25-54;PC_POP;F;ACT;RO,70.7 ,72.6 ,72.0 ,70.7 ,70.6 ,72.7 b,72.6 ,72.9 ,72.7 ,73.3 ,72.9 ,72.4 ,74.2 ,74.2 ,74.6 
A;Y25-54;PC_POP;F;ACT;SE,85.9 b,86.3 ,87.1 ,87.6 ,87.1 ,86.6 ,87.3 ,87.6 ,88.1 ,88.0 ,88.4 ,88.5 ,88.8 ,88.9 b,88.7 
A;Y25-54;PC_POP;F;ACT;SI,86.4 ,87.0 ,87.3 ,88.5 ,87.9 ,88.1 ,88.4 ,89.1 ,88.7 ,88.3 ,88.6 ,88.9 ,90.3 ,89.9 ,90.4 
A;Y25-54;PC_POP;F;ACT;SK,82.1 ,81.2 ,80.7 ,82.1 ,80.7 ,80.9 ,80.4 b,80.4 ,80.5 ,80.4 ,80.8 ,81.5 ,79.8 ,79.7 ,79.6 
A;Y25-54;PC_POP;F;ACT;UK,77.3 ,77.6 ,77.5 b,78.2 b,78.6 ,78.6 ,79.0 ,79.2 ,79.5 ,79.9 ,79.8 ,80.1 ,80.8 ,81.3 ,81.9 
A;Y25-54;PC_POP;F;EMP_LFS;AT,75.2 ,76.0 ,76.7 b,77.8 ,78.4 ,78.9 ,79.8 ,80.4 ,80.5 ,80.3 ,80.3 ,80.6 ,81.0 ,81.3 ,82.1 
A;Y25-54;PC_POP;F;EMP_LFS;BE,70.4 ,70.7 ,72.3 ,73.8 ,73.8 ,74.4 ,73.8 ,73.9 ,74.0 ,74.9 ,74.5 ,74.3 ,74.6 b,76.2 ,76.8 
A;Y25-54;PC_POP;F;EMP_LFS;BG,70.3 ,72.8 ,76.2 ,77.9 ,75.8 ,72.5 b,71.9 b,71.8 ,71.5 ,72.5 ,73.6 ,73.0 ,75.8 ,76.5 ,78.3 
A;Y25-54;PC_POP;F;EMP_LFS;CY,72.2 ,73.6 ,75.5 ,76.2 ,76.2 b,76.7 ,76.7 ,74.0 ,71.1 ,73.1 ,72.7 ,72.0 ,73.5 ,75.0 ,77.1 
A;Y25-54;PC_POP;F;EMP_LFS;CZ,74.0 ,74.5 ,74.9 ,75.2 ,74.1 ,73.4 ,74.3 b,74.6 ,75.5 ,75.7 ,76.7 ,78.4 ,79.3 ,80.1 ,80.0 
A;Y25-54;PC_POP;F;EMP_LFS;DE,71.0 b,72.7 ,74.0 ,74.7 ,75.4 ,76.4 b,77.9 b,78.2 ,78.6 ,78.8 ,79.2 ,79.7 ,80.0 ,80.6 ,81.1 
A;Y25-54;PC_POP;F;EMP_LFS;DK,80.6 ,82.0 ,82.3 ,83.1 b,81.7 ,79.9 ,78.5 ,78.7 ,78.3 ,77.5 ,77.5 ,77.3 b,77.7 b,78.5 ,78.8 
A;Y25-54;PC_POP;F;EMP_LFS;EE,77.6 ,80.9 ,80.1 ,79.7 ,75.7 ,74.0 ,75.0 ,75.8 ,76.1 ,76.1 ,78.2 ,77.2 ,79.2 ,78.7 ,78.7 
A;Y25-54;PC_POP;F;EMP_LFS;EL,58.6 ,60.6 ,60.9 ,62.0 ,62.3 b,61.1 ,57.8 ,53.9 ,51.4 ,53.1 ,55.4 ,55.9 ,57.2 ,58.2 ,60.8 
A;Y25-54;PC_POP;F;EMP_LFS;ES,62.3 b,64.4 ,66.3 ,66.5 ,64.4 ,63.9 ,63.4 ,62.0 ,61.2 ,62.3 ,63.7 ,65.6 ,67.1 ,68.6 ,69.9 
A;Y25-54;PC_POP;F;EMP_LFS;FI,79.0 ,79.6 ,80.6 ,81.2 ,80.5 ,79.2 ,79.6 ,79.4 ,78.1 ,78.1 ,77.3 ,76.7 ,77.9 ,79.5 ,80.7 
A;Y25-54;PC_POP;F;EMP_LFS;FR,73.3 e,74.0 e,75.3 e,76.5 e,75.8 e,76.0 e,75.5 e,75.3 e,75.5 e,75.4 ,75.3 ,75.4 ,75.2 ,76.1 ,76.8 
A;Y25-54;PC_POP;F;EMP_LFS;HR,65.8 e,66.1 e,67.9 ,69.7 ,70.1 ,68.8 ,66.1 ,65.2 ,64.9 ,67.9 ,69.3 ,68.5 ,71.1 ,73.5 ,74.9 
A;Y25-54;PC_POP;F;EMP_LFS;HU,67.2 ,67.8 ,67.9 ,67.9 ,66.9 ,67.0 ,66.6 ,69.0 ,70.0 ,73.2 ,74.4 ,76.2 ,77.2 ,77.7 ,78.0 
A;Y25-54;PC_POP;F;EMP_LFS;IE,67.2 ,67.9 ,69.2 b,69.0 ,66.5 ,65.2 ,64.3 ,64.4 ,65.7 ,67.0 ,68.5 ,69.6 ,71.7 ,72.9 ,73.6 
A;Y25-54;PC_POP;F;EMP_LFS;IT,58.0 ,59.3 ,59.6 ,60.2 ,59.1 ,58.8 ,59.0 ,59.2 ,58.0 ,57.6 ,57.9 ,58.5 ,59.0 ,59.4 ,60.1 
A;Y25-54;PC_POP;F;EMP_LFS;LT,78.6 ,78.7 ,80.2 ,79.4 ,77.5 ,75.9 ,78.1 ,79.1 ,79.4 ,80.9 ,81.4 ,82.9 ,83.6 ,84.1 ,84.8 
A;Y25-54;PC_POP;F;EMP_LFS;LU,68.4 ,69.5 ,71.7 b,69.5 ,71.4 b,72.6 ,72.9 ,75.0 ,75.5 ,76.8 ,75.7 b,76.4 ,79.8 ,79.7 ,79.9 
A;Y25-54;PC_POP;F;EMP_LFS;LV,73.8 ,77.4 ,78.4 ,79.6 ,74.5 ,73.5 ,74.8 ,75.0 ,76.1 ,76.0 ,77.3 ,78.1 ,79.0 ,80.7 ,81.0 
A;Y25-54;PC_POP;F;EMP_LFS;MT,36.4 b,38.2 ,41.3 ,44.1 ,45.9 ,47.5 ,50.8 ,56.4 ,60.3 ,62.9 ,64.0 ,66.7 ,69.5 ,72.5 ,73.7 
A;Y25-54;PC_POP;F;EMP_LFS;NL,72.6 b,74.2 ,76.4 ,78.4 ,78.4 ,78.4 ,78.1 ,78.1 ,77.5 ,76.5 ,77.0 ,77.7 ,78.6 ,79.9 ,81.1 
A;Y25-54;PC_POP;F;EMP_LFS;PL,63.1 ,65.3 ,68.8 ,71.0 ,71.6 ,71.7 b,71.5 ,71.5 ,71.2 ,72.7 ,73.9 ,74.5 ,75.3 ,76.5 ,76.4 
A;Y25-54;PC_POP;F;EMP_LFS;PT,74.8 ,75.2 ,74.8 ,75.8 ,74.9 ,74.5 ,74.1 b,72.5 ,72.2 ,74.3 ,76.1 ,77.6 ,79.7 ,81.4 ,82.5 
A;Y25-54;PC_POP;F;EMP_LFS;RO,66.5 ,68.6 ,68.5 ,67.8 ,66.9 ,68.6 b,68.3 ,68.9 ,68.6 ,69.3 ,69.2 ,69.2 ,71.8 ,72.1 ,72.7 
A;Y25-54;PC_POP;F;EMP_LFS;SE,80.8 b,81.5 ,83.0 ,83.5 ,81.9 ,80.9 ,82.2 ,82.5 ,82.7 ,82.8 ,83.3 ,83.7 ,84.1 ,84.2 b,83.7 
A;Y25-54;PC_POP;F;EMP_LFS;SI,81.1 ,81.2 ,82.4 ,84.8 ,83.2 ,82.1 ,81.3 ,81.0 ,79.3 ,79.1 ,79.5 ,81.2 ,83.5 ,84.8 ,86.1 
A;Y25-54;PC_POP;F;EMP_LFS;SK,69.2 ,70.2 ,71.0 ,73.7 ,71.2 ,70.1 ,70.4 b,69.6 ,69.6 ,70.2 ,70.9 ,73.5 ,73.4 ,74.4 ,75.4 
A;Y25-54;PC_POP;F;EMP_LFS;UK,74.8 ,74.6 ,74.6 b,75.1 b,74.6 ,74.3 ,74.4 ,74.5 ,75.1 ,76.2 ,76.6 ,77.0 ,78.1 ,78.8 ,79.6 
A;Y25-54;PC_POP;M;ACT;AT,92.0 ,92.2 ,92.5 b,92.1 ,91.9 ,91.9 ,92.0 ,92.3 ,92.1 ,91.5 ,91.6 ,91.8 ,92.3 ,92.1 ,92.4 
A;Y25-54;PC_POP;M;ACT;BE,92.2 ,91.9 ,92.5 ,92.3 ,91.8 ,92.2 ,90.7 ,90.7 ,90.9 ,90.7 ,89.9 ,90.4 ,90.0 b,89.6 ,89.3 
A;Y25-54;PC_POP;M;ACT;BG,83.3 ,85.1 ,87.5 ,88.8 ,88.0 ,86.1 b,84.5 b,84.8 ,85.7 ,86.2 ,86.4 ,85.7 ,88.0 ,88.3 ,90.0 
A;Y25-54;PC_POP;M;ACT;CY,95.3 ,95.3 ,95.0 ,94.0 ,93.5 b,93.4 ,93.1 ,93.8 ,94.0 ,93.5 ,92.6 ,92.2 ,92.9 ,92.7 ,93.4 
A;Y25-54;PC_POP;M;ACT;CZ,94.8 ,94.8 ,95.0 ,94.8 ,95.1 ,95.5 ,95.3 b,95.5 ,95.8 ,95.6 ,95.4 ,95.4 ,95.7 ,95.9 ,95.9 
A;Y25-54;PC_POP;M;ACT;DE,93.6 b,93.8 ,93.8 ,93.5 ,93.2 ,93.2 b,93.2 b,93.1 ,92.9 ,92.6 ,92.5 ,91.9 ,91.9 ,92.3 ,92.7 
A;Y25-54;PC_POP;M;ACT;DK,91.7 ,92.3 ,92.3 ,92.9 b,91.8 ,91.8 ,91.3 ,90.2 ,89.6 ,89.7 ,90.3 ,89.6 b,89.3 b,89.6 ,90.1 
A;Y25-54;PC_POP;M;ACT;EE,88.4 ,92.6 ,93.5 ,92.8 ,91.9 ,91.8 ,92.1 ,92.1 ,92.3 ,92.2 ,92.6 ,93.7 ,93.3 ,93.4 ,92.5 
A;Y25-54;PC_POP;M;ACT;EL,94.6 ,94.7 ,94.6 ,94.4 ,94.4 b,94.2 ,93.5 ,93.6 ,93.6 ,93.1 ,93.1 ,93.2 ,93.0 ,93.2 ,93.2 
A;Y25-54;PC_POP;M;ACT;ES,92.3 b,92.4 ,92.5 ,92.4 ,92.2 ,92.4 ,92.5 ,92.6 ,92.4 ,92.6 ,92.6 ,92.5 ,92.0 ,91.9 ,91.7 
A;Y25-54;PC_POP;M;ACT;FI,90.3 ,90.3 ,90.4 ,91.2 ,90.6 ,90.5 ,90.9 ,90.4 ,90.1 ,89.5 ,89.6 ,89.7 ,89.8 ,90.8 ,90.3 
A;Y25-54;PC_POP;M;ACT;FR,93.6 e,93.8 e,93.8 e,94.1 e,93.9 e,94.0 e,93.5 e,93.2 e,93.1 e,92.9 ,92.5 ,92.4 ,92.6 ,92.4 ,91.9 
A;Y25-54;PC_POP;M;ACT;HR,85.9 e,85.1 e,87.4 ,86.9 ,84.5 ,84.1 ,85.4 ,85.2 ,84.7 ,86.6 ,86.9 ,85.2 ,86.7 ,86.4 ,86.9 
A;Y25-54;PC_POP;M;ACT;HU,85.5 ,86.9 ,87.2 ,87.3 ,87.1 ,87.3 ,88.2 ,89.4 ,89.5 ,91.2 ,92.0 ,92.4 ,93.3 ,93.3 ,93.4 
A;Y25-54;PC_POP;M;ACT;IE,92.1 ,91.9 ,91.6 b,91.3 ,89.7 ,88.9 ,88.3 ,88.6 ,88.8 ,89.5 ,89.6 ,89.4 ,90.1 ,90.0 ,90.6 
A;Y25-54;PC_POP;M;ACT;IT,91.3 ,91.3 ,91.0 ,91.0 ,90.0 ,89.4 ,89.2 ,89.4 ,88.3 ,87.7 ,87.7 ,88.2 ,88.5 ,88.4 ,88.5 
A;Y25-54;PC_POP;M;ACT;LT,89.9 ,88.4 ,87.7 ,87.3 ,88.0 ,89.0 ,90.7 ,90.5 ,90.6 ,90.8 ,90.4 ,90.2 ,90.4 ,91.0 ,91.4 
A;Y25-54;PC_POP;M;ACT;LU,95.5 ,95.3 ,94.9 b,93.7 ,94.1 b,94.8 ,93.9 ,94.6 ,94.4 ,94.9 ,93.9 b,93.1 ,91.8 ,92.2 ,92.8 
A;Y25-54;PC_POP;M;ACT;LV,89.1 ,90.2 ,91.6 ,92.0 ,91.1 ,91.0 ,90.8 ,91.2 ,90.6 ,90.5 ,90.6 ,90.2 ,91.8 ,92.1 ,91.2 
A;Y25-54;PC_POP;M;ACT;MT,93.4 b,94.1 ,94.4 ,93.8 ,93.9 ,94.5 ,94.9 ,94.4 ,94.8 ,95.5 ,95.4 ,95.8 ,96.2 ,96.4 ,96.6 
A;Y25-54;PC_POP;M;ACT;NL,93.2 b,93.3 ,93.2 ,93.9 ,93.9 ,93.3 ,93.0 ,93.0 ,92.3 ,92.2 ,92.1 ,91.7 ,91.3 ,91.7 ,91.5 
A;Y25-54;PC_POP;M;ACT;PL,88.7 ,88.2 ,87.9 ,88.8 ,89.4 ,89.6 b,89.7 ,90.0 ,90.0 ,90.5 ,90.6 ,90.8 ,91.1 ,91.0 ,91.5 
A;Y25-54;PC_POP;M;ACT;PT,92.5 ,92.9 ,92.9 ,93.2 ,92.5 ,92.7 ,92.4 b,92.1 ,91.1 ,91.6 ,91.7 ,91.9 ,92.3 ,92.6 ,92.7 
A;Y25-54;PC_POP;M;ACT;RO,85.8 ,87.1 ,85.9 ,85.8 ,86.3 ,90.9 b,89.0 ,89.9 ,90.0 ,90.5 ,91.6 ,91.0 ,92.2 ,92.5 ,93.1 
A;Y25-54;PC_POP;M;ACT;SE,91.7 b,92.5 ,92.9 ,93.1 ,92.8 ,92.9 ,93.2 ,93.5 ,93.6 ,93.5 ,93.3 ,93.3 ,93.6 ,93.6 b,93.7 
A;Y25-54;PC_POP;M;ACT;SI,91.1 ,91.0 ,91.3 ,91.6 ,91.3 ,91.7 ,91.8 ,92.4 ,92.6 ,92.2 ,92.9 ,92.0 ,93.4 ,94.0 ,94.4 
A;Y25-54;PC_POP;M;ACT;SK,93.8 ,94.0 ,93.1 ,93.4 ,93.6 ,92.9 ,93.5 b,93.8 ,93.6 ,94.0 ,93.6 ,93.5 ,93.1 ,93.2 ,93.2 
A;Y25-54;PC_POP;M;ACT;UK,91.1 ,91.7 ,91.6 b,91.6 b,91.7 ,91.4 ,91.7 ,92.0 ,92.0 ,92.2 ,91.9 ,92.2 ,92.4 ,92.5 ,92.6 
A;Y25-54;PC_POP;M;EMP_LFS;AT,87.9 ,88.4 ,89.0 b,88.9 ,87.4 ,87.7 ,88.4 ,88.3 ,87.5 ,86.6 ,86.6 ,86.6 ,87.2 ,87.8 ,88.5 
A;Y25-54;PC_POP;M;EMP_LFS;BE,86.1 ,85.9 ,87.0 ,87.0 ,85.7 ,85.5 ,84.9 ,84.5 ,84.0 ,83.2 ,82.5 ,83.8 ,84.4 b,84.5 ,84.7 
A;Y25-54;PC_POP;M;EMP_LFS;BG,75.7 ,78.6 ,82.5 ,84.7 ,82.7 ,77.6 b,74.7 b,74.3 ,75.0 ,76.4 ,78.5 ,79.2 ,82.8 ,83.5 ,86.0 
A;Y25-54;PC_POP;M;EMP_LFS;CY,91.8 ,92.0 ,92.4 ,91.4 ,89.2 b,88.3 ,86.4 ,83.3 ,80.4 ,79.6 ,80.6 ,81.7 ,83.6 ,86.2 ,88.4 
A;Y25-54;PC_POP;M;EMP_LFS;CZ,89.8 ,90.4 ,91.7 ,92.1 ,90.5 ,90.5 ,90.9 b,90.9 ,91.2 ,91.5 ,91.9 ,92.7 ,93.7 ,94.4 ,94.5 
A;Y25-54;PC_POP;M;EMP_LFS;DE,83.7 b,84.8 ,86.4 ,87.1 ,86.1 ,86.8 b,88.0 b,88.4 ,88.2 ,88.0 ,88.1 ,88.1 ,88.4 ,89.0 ,89.6 
A;Y25-54;PC_POP;M;EMP_LFS;DK,88.3 ,90.1 ,89.8 ,90.6 b,86.3 ,85.1 ,85.6 ,84.1 ,84.3 ,84.8 ,85.4 ,85.5 b,85.0 b,85.9 ,86.3 
A;Y25-54;PC_POP;M;EMP_LFS;EE,80.8 ,87.3 ,89.6 ,88.2 ,77.4 ,75.8 ,81.6 ,83.1 ,84.7 ,85.6 ,87.7 ,87.9 ,88.5 ,89.5 ,89.6 
A;Y25-54;PC_POP;M;EMP_LFS;EL,89.5 ,90.0 ,90.1 ,90.1 ,88.3 b,85.3 ,79.9 ,73.9 ,71.4 ,71.8 ,73.7 ,76.0 ,77.5 ,79.6 ,80.8 
A;Y25-54;PC_POP;M;EMP_LFS;ES,86.8 b,87.5 ,87.5 ,84.2 ,77.3 ,75.9 ,74.6 ,71.3 ,70.4 ,72.5 ,75.1 ,77.4 ,79.2 ,80.8 ,81.6 
A;Y25-54;PC_POP;M;EMP_LFS;FI,84.4 ,85.2 ,86.0 ,87.3 ,84.3 ,83.9 ,84.8 ,84.4 ,83.9 ,82.7 ,82.5 ,83.0 ,83.3 ,85.3 ,85.6 
A;Y25-54;PC_POP;M;EMP_LFS;FR,87.1 e,87.4 e,87.7 e,88.6 e,87.1 e,86.8 e,86.3 e,85.4 e,84.6 e,84.4 ,83.7 ,84.3 ,85.0 ,85.2 ,85.2 
A;Y25-54;PC_POP;M;EMP_LFS;HR,77.7 e,78.2 e,81.0 ,82.2 ,79.3 ,76.4 ,75.1 ,73.0 ,71.6 ,74.5 ,75.4 ,76.3 ,78.7 ,80.4 ,81.7 
A;Y25-54;PC_POP;M;EMP_LFS;HU,80.3 ,81.3 ,81.6 ,81.3 ,79.1 ,78.0 ,79.5 ,80.2 ,81.4 ,85.3 ,86.8 ,88.2 ,90.1 ,90.4 ,90.8 
A;Y25-54;PC_POP;M;EMP_LFS;IE,88.6 ,88.3 ,87.8 b,85.6 ,77.9 ,75.2 ,74.1 ,74.6 ,77.0 ,79.4 ,81.1 ,82.3 ,84.5 ,85.7 ,86.7 
A;Y25-54;PC_POP;M;EMP_LFS;IT,86.7 ,87.2 ,87.4 ,86.8 ,84.7 ,83.6 ,83.4 ,81.7 ,79.2 ,78.2 ,78.6 ,79.3 ,79.9 ,80.3 ,80.8 
A;Y25-54;PC_POP;M;EMP_LFS;LT,83.2 ,83.6 ,84.2 ,82.6 ,74.2 ,71.1 ,75.7 ,77.7 ,79.8 ,80.7 ,81.8 ,82.6 ,83.1 ,85.2 ,85.4 
A;Y25-54;PC_POP;M;EMP_LFS;LU,92.8 ,92.7 ,92.2 b,90.2 ,90.8 b,92.0 ,90.8 ,91.0 ,90.1 ,90.5 ,89.3 b,88.5 ,87.4 ,88.0 ,88.6 
A;Y25-54;PC_POP;M;EMP_LFS;LV,80.6 ,84.3 ,86.0 ,84.9 ,73.7 ,71.7 ,75.1 ,77.7 ,79.9 ,80.4 ,81.2 ,81.4 ,83.5 ,84.6 ,85.2 
A;Y25-54;PC_POP;M;EMP_LFS;MT,89.1 b,89.7 ,90.3 ,89.5 ,89.3 ,89.1 ,90.0 ,90.0 ,90.2 ,90.9 ,91.5 ,92.3 ,93.2 ,93.6 ,93.9 
A;Y25-54;PC_POP;M;EMP_LFS;NL,89.9 b,90.7 ,91.5 ,92.6 ,91.7 ,90.4 ,89.8 ,89.1 ,86.8 ,86.9 ,87.5 ,88.1 ,88.4 ,89.2 ,89.3 
A;Y25-54;PC_POP;M;EMP_LFS;PL,76.1 ,78.3 ,81.1 ,84.0 ,83.7 ,82.5 b,83.0 ,82.9 ,82.7 ,83.9 ,84.9 ,86.1 ,87.3 ,88.1 ,89.2 
A;Y25-54;PC_POP;M;EMP_LFS;PT,86.8 ,87.5 ,87.2 ,87.6 ,84.7 ,84.1 ,81.7 b,78.6 ,77.1 ,80.6 ,81.8 ,83.0 ,85.6 ,87.5 ,88.1 
A;Y25-54;PC_POP;M;EMP_LFS;RO,80.0 ,80.8 ,80.6 ,80.9 ,80.5 ,84.8 b,83.1 ,84.1 ,83.8 ,84.6 ,85.2 ,85.5 ,87.6 ,88.7 ,89.7 
A;Y25-54;PC_POP;M;EMP_LFS;SE,86.1 b,87.8 ,89.1 ,89.4 ,86.9 ,87.0 ,87.9 ,87.8 ,88.0 ,87.8 ,87.9 ,88.1 ,88.5 ,88.8 b,89.0 
A;Y25-54;PC_POP;M;EMP_LFS;SI,86.4 ,87.1 ,88.1 ,88.6 ,86.4 ,85.2 ,84.8 ,85.4 ,84.3 ,84.6 ,86.1 ,85.6 ,88.5 ,90.0 ,90.9 
A;Y25-54;PC_POP;M;EMP_LFS;SK,81.4 ,84.1 ,85.0 ,86.4 ,84.2 ,81.4 ,82.5 b,83.0 ,82.2 ,83.2 ,85.1 ,86.3 ,86.3 ,87.9 ,88.3 
A;Y25-54;PC_POP;M;EMP_LFS;UK,87.8 ,87.9 ,88.2 b,87.7 b,85.7 ,85.4 ,85.9 ,86.6 ,86.7 ,88.0 ,88.3 ,89.0 ,89.6 ,89.8 ,90.2 
A;Y55-64;PC_POP;F;ACT;AT,22.5 ,25.2 ,27.5 b,30.1 ,31.1 ,33.6 ,33.0 ,34.5 ,36.4 ,37.5 ,40.2 ,42.7 ,44.5 ,46.6 ,47.4 
A;Y55-64;PC_POP;F;ACT;BE,23.4 ,24.6 ,27.5 ,27.9 ,29.3 ,30.9 ,33.0 ,34.9 ,37.8 ,39.0 ,41.2 ,42.8 ,45.8 b,47.4 ,48.9 
A;Y55-64;PC_POP;F;ACT;BG,27.8 ,33.9 ,37.2 ,40.2 ,42.1 ,42.9 b,42.8 b,45.5 ,49.0 ,51.4 ,53.8 ,54.6 ,57.3 ,58.7 ,62.2 
A;Y55-64;PC_POP;F;ACT;CY,32.8 ,37.8 ,41.6 ,41.0 ,42.3 b,44.3 ,42.7 ,41.3 ,42.3 ,42.5 ,45.3 ,47.8 ,48.9 ,54.6 ,54.2 
A;Y55-64;PC_POP;F;ACT;CZ,32.9 ,34.0 ,35.2 ,36.1 ,37.2 ,38.0 ,39.4 b,41.5 ,44.2 ,46.3 ,48.3 ,51.2 ,54.5 ,58.0 ,60.1 
A;Y55-64;PC_POP;F;ACT;DE,43.2 b,46.3 ,48.9 ,50.5 ,52.9 ,54.6 b,56.8 b,58.2 ,60.8 ,62.9 ,63.8 ,65.9 ,67.5 ,68.6 ,70.0 
A;Y55-64;PC_POP;F;ACT;DK,56.8 ,56.7 ,55.1 ,50.6 b,50.1 ,52.8 ,55.0 ,56.0 ,57.0 ,57.7 ,60.7 ,64.1 b,66.7 b,67.2 ,69.3 
A;Y55-64;PC_POP;F;ACT;EE,57.7 ,60.6 ,61.2 ,62.4 ,66.0 ,64.3 ,63.5 ,65.0 ,66.5 ,66.5 ,69.4 ,71.4 ,72.4 ,74.6 ,77.4 
A;Y55-64;PC_POP;F;ACT;EL,27.1 ,28.0 ,28.2 ,28.7 ,29.5 b,31.1 ,29.9 ,30.0 ,31.0 ,29.9 ,29.5 ,33.6 ,34.9 ,36.9 ,37.3 
A;Y55-64;PC_POP;F;ACT;ES,29.9 b,31.2 ,32.7 ,34.2 ,37.1 ,38.4 ,41.8 ,43.9 ,45.2 ,46.9 ,49.4 ,51.7 ,51.8 ,52.9 ,54.4 
A;Y55-64;PC_POP;F;ACT;FI,56.4 ,58.2 ,58.4 ,58.8 ,59.5 ,60.3 ,60.4 ,62.9 ,64.3 ,65.5 ,67.2 ,67.6 ,68.2 ,70.8 ,72.4 
A;Y55-64;PC_POP;F;ACT;FR,37.3 e,37.6 e,37.6 e,37.3 e,38.5 e,39.5 e,41.3 e,44.2 e,46.0 e,48.5 ,50.3 ,51.5 ,53.1 ,53.9 ,54.6 
A;Y55-64;PC_POP;F;ACT;HR,24.5 e,26.3 e,26.1 ,27.6 ,31.8 ,30.2 ,29.6 ,30.6 ,33.4 ,30.6 ,34.4 ,34.2 ,35.0 ,36.7 ,37.5 
A;Y55-64;PC_POP;F;ACT;HU,27.7 ,27.7 ,26.9 ,26.6 ,28.1 ,31.7 ,34.8 ,34.5 ,34.7 ,37.4 ,39.9 ,43.5 ,44.3 ,46.3 ,47.2 
A;Y55-64;PC_POP;F;ACT;IE,38.8 ,40.6 ,40.9 b,42.5 ,43.8 ,45.7 ,46.8 ,46.7 ,48.2 ,48.5 ,49.7 ,51.4 ,53.4 ,54.6 ,55.9 
A;Y55-64;PC_POP;F;ACT;IT,21.5 ,22.5 ,23.4 ,24.6 ,26.0 ,26.9 ,28.8 ,32.2 ,34.7 ,38.3 ,39.6 ,41.7 ,44.5 ,46.1 ,47.0 
A;Y55-64;PC_POP;F;ACT;LT,44.8 ,47.6 ,49.2 ,49.7 ,52.4 ,51.7 ,53.1 ,54.2 ,56.1 ,58.9 ,63.3 ,67.2 ,69.6 ,71.9 ,72.5 
A;Y55-64;PC_POP;F;ACT;LU,25.1 ,28.5 ,29.1 b,30.3 ,30.6 b,32.0 ,32.1 ,35.2 ,34.2 ,36.5 ,35.0 b,33.9 ,35.1 ,36.2 ,38.4 
A;Y55-64;PC_POP;F;ACT;LV,48.0 ,52.1 ,55.7 ,59.2 ,59.5 ,55.7 ,57.1 ,60.8 ,60.5 ,61.7 ,63.5 ,66.1 ,66.9 ,69.4 ,71.4 
A;Y55-64;PC_POP;F;ACT;MT,12.7 b,11.6 ,12.8 ,13.6 ,13.2 ,14.6 ,15.6 ,18.2 ,20.1 ,22.8 ,26.0 ,29.9 ,30.6 ,34.1 ,36.1 
A;Y55-64;PC_POP;F;ACT;NL,33.9 b,35.4 ,38.5 ,40.1 ,42.7 ,44.4 ,48.2 ,51.0 ,52.8 ,54.3 ,56.7 ,58.6 ,60.2 ,61.8 ,63.1 
A;Y55-64;PC_POP;F;ACT;PL,21.5 ,20.3 ,20.6 ,21.6 ,23.2 ,25.9 b,29.0 ,31.3 ,33.3 ,35.2 ,37.3 ,39.0 ,40.5 ,39.9 ,40.0 
A;Y55-64;PC_POP;F;ACT;PT,46.0 ,45.2 ,47.0 ,46.7 ,46.0 ,47.4 ,46.4 b,47.0 ,46.9 ,47.5 ,49.9 ,51.0 ,54.6 ,58.4 ,58.8 
A;Y55-64;PC_POP;F;ACT;RO,33.5 ,34.8 ,33.9 ,34.7 ,34.7 ,33.1 b,32.7 ,33.7 ,34.1 ,35.0 ,32.8 ,34.4 ,35.7 ,36.4 ,37.3 
A;Y55-64;PC_POP;F;ACT;SE,69.0 b,69.6 ,69.4 ,69.0 ,69.9 ,70.2 ,72.1 ,73.0 ,73.4 ,74.9 ,75.5 ,76.9 ,77.8 ,78.6 b,78.9 
A;Y55-64;PC_POP;F;ACT;SI,18.9 ,21.4 ,23.1 ,22.2 ,25.6 ,25.5 ,23.7 ,26.5 ,27.0 ,31.1 ,32.9 ,35.2 ,39.5 ,43.9 ,46.0 
A;Y55-64;PC_POP;F;ACT;SK,18.1 ,20.9 ,23.3 ,26.4 ,29.0 ,32.3 ,34.6 b,38.0 ,40.4 ,42.1 ,45.8 ,48.2 ,53.0 ,53.7 ,56.9 
A;Y55-64;PC_POP;F;ACT;UK,48.9 ,50.1 ,49.9 b,50.2 b,50.6 ,51.1 ,51.3 ,53.0 ,55.3 ,56.4 ,57.7 ,59.2 ,60.9 ,62.5 ,63.5 
A;Y55-64;PC_POP;F;EMP_LFS;AT,21.8 ,24.5 ,26.5 b,29.3 ,30.3 ,33.0 ,32.2 ,33.5 ,35.2 ,36.4 ,38.8 ,41.1 ,42.8 ,44.8 ,46.0 
A;Y55-64;PC_POP;F;EMP_LFS;BE,22.1 ,23.2 ,26.0 ,26.3 ,27.7 ,29.2 ,31.6 ,33.1 ,35.8 ,37.0 ,39.3 ,40.2 ,42.8 b,45.6 ,47.0 
A;Y55-64;PC_POP;F;EMP_LFS;BG,25.5 ,31.1 ,34.5 ,37.7 ,39.2 ,39.2 b,39.4 b,41.3 ,43.4 ,46.0 ,49.5 ,51.0 ,54.3 ,56.4 ,59.9 
A;Y55-64;PC_POP;F;EMP_LFS;CY,31.5 ,36.6 ,40.3 ,39.4 ,40.6 b,42.5 ,40.8 ,38.2 ,38.3 ,36.9 ,39.5 ,43.7 ,46.2 ,51.9 ,50.7 
A;Y55-64;PC_POP;F;EMP_LFS;CZ,30.9 ,32.1 ,33.5 ,34.4 ,35.0 ,35.5 ,37.2 b,39.0 ,41.4 ,43.8 ,45.9 ,49.3 ,53.0 ,56.6 ,58.9 
A;Y55-64;PC_POP;F;EMP_LFS;DE,37.6 b,40.3 ,43.4 ,46.0 ,48.6 ,50.7 b,53.2 b,54.9 ,57.6 ,60.0 ,61.2 ,63.5 ,65.4 ,66.9 ,68.4 
A;Y55-64;PC_POP;F;EMP_LFS;DK,53.5 ,54.3 ,52.9 ,49.2 b,48.3 ,50.5 ,52.5 ,52.8 ,53.8 ,54.9 ,57.7 ,61.6 b,64.4 b,64.6 ,66.9 
A;Y55-64;PC_POP;F;EMP_LFS;EE,55.1 ,59.3 ,60.7 ,60.5 ,61.1 ,55.3 ,57.8 ,61.5 ,63.6 ,63.1 ,65.7 ,66.5 ,69.3 ,71.5 ,74.9 
A;Y55-64;PC_POP;F;EMP_LFS;EL,25.9 ,26.6 ,27.0 ,27.5 ,27.8 b,29.1 ,27.5 ,26.1 ,26.0 ,25.0 ,24.7 ,27.2 ,28.0 ,30.0 ,31.6 
A;Y55-64;PC_POP;F;EMP_LFS;ES,27.7 b,28.9 ,30.2 ,31.2 ,32.1 ,33.1 ,35.6 ,36.0 ,36.3 ,37.8 ,40.2 ,42.8 ,43.5 ,44.9 ,46.9 
A;Y55-64;PC_POP;F;EMP_LFS;FI,52.7 ,54.3 ,55.0 ,55.8 ,56.3 ,56.9 ,57.2 ,59.7 ,60.5 ,61.4 ,62.5 ,63.0 ,63.4 ,66.5 ,68.6 
A;Y55-64;PC_POP;F;EMP_LFS;FR,35.7 e,35.8 e,36.0 e,35.9 e,36.5 e,37.3 e,38.9 e,41.5 e,42.9 e,45.2 ,46.9 ,48.2 ,50.0 ,50.5 ,50.9 
A;Y55-64;PC_POP;F;EMP_LFS;HR,23.3 e,25.1 e,25.0 ,26.4 ,30.0 ,28.5 ,27.7 ,27.7 ,31.0 ,27.3 ,30.7 ,31.6 ,32.3 ,35.2 ,35.9 
A;Y55-64;PC_POP;F;EMP_LFS;HU,26.7 ,26.6 ,25.8 ,25.3 ,26.3 ,29.4 ,31.9 ,31.7 ,32.1 ,35.2 ,37.7 ,41.5 ,42.4 ,44.9 ,46.2 
A;Y55-64;PC_POP;F;EMP_LFS;IE,37.6 ,39.5 ,39.9 b,41.2 ,41.5 ,42.6 ,43.4 ,43.1 ,43.7 ,44.4 ,46.4 ,48.5 ,50.3 ,52.3 ,53.9 
A;Y55-64;PC_POP;F;EMP_LFS;IT,20.8 ,21.8 ,23.0 ,23.9 ,25.3 ,26.1 ,28.1 ,30.8 ,33.2 ,36.6 ,37.9 ,39.7 ,42.3 ,43.9 ,44.6 
A;Y55-64;PC_POP;F;EMP_LFS;LT,41.9 ,45.2 ,47.5 ,47.4 ,47.8 ,45.5 ,47.2 ,48.5 ,51.2 ,54.3 ,58.8 ,62.8 ,65.2 ,66.9 ,67.5 
A;Y55-64;PC_POP;F;EMP_LFS;LU,24.9 ,27.8 ,28.6 b,29.3 ,29.4 b,31.3 ,31.3 ,34.3 ,32.4 ,35.0 ,33.7 b,32.4 ,33.9 ,35.2 ,37.1 
A;Y55-64;PC_POP;F;EMP_LFS;LV,44.5 ,49.2 ,53.4 ,56.3 ,53.0 ,48.4 ,49.7 ,52.5 ,54.6 ,56.4 ,58.9 ,61.4 ,62.1 ,64.7 ,67.1 
A;Y55-64;PC_POP;F;EMP_LFS;MT,12.7 b,11.2 ,12.1 ,12.7 ,12.2 ,14.1 ,15.1 ,17.0 ,18.9 ,22.1 ,25.1 ,28.9 ,29.9 ,32.8 ,35.4 
A;Y55-64;PC_POP;F;EMP_LFS;NL,32.3 b,33.7 ,36.8 ,38.3 ,41.0 ,42.4 ,45.9 ,48.3 ,49.5 ,50.4 ,52.4 ,54.2 ,56.6 ,58.8 ,61.2 
A;Y55-64;PC_POP;F;EMP_LFS;PL,19.7 ,19.0 ,19.4 ,20.7 ,21.9 ,24.2 b,27.2 ,29.2 ,31.0 ,32.9 ,35.5 ,37.6 ,39.3 ,39.1 ,39.2 
A;Y55-64;PC_POP;F;EMP_LFS;PT,43.6 ,42.8 ,44.3 ,44.0 ,42.8 ,43.8 ,42.0 b,42.0 ,41.0 ,42.1 ,44.5 ,46.3 ,50.2 ,54.6 ,55.1 
A;Y55-64;PC_POP;F;EMP_LFS;RO,33.1 ,34.5 ,33.6 ,34.4 ,34.1 ,32.6 b,32.2 ,33.1 ,33.2 ,34.2 ,32.1 ,33.6 ,34.9 ,35.7 ,36.5 
A;Y55-64;PC_POP;F;EMP_LFS;SE,66.7 b,66.9 ,67.0 ,66.7 ,66.7 ,66.9 ,68.9 ,69.6 ,70.3 ,71.5 ,72.1 ,73.5 ,74.4 ,75.7 b,75.6 
A;Y55-64;PC_POP;F;EMP_LFS;SI,18.5 ,21.0 ,22.2 ,21.1 ,24.8 ,24.5 ,22.7 ,25.0 ,25.2 ,29.0 ,30.5 ,33.4 ,37.5 ,41.9 ,44.0 
A;Y55-64;PC_POP;F;EMP_LFS;SK,15.6 ,18.9 ,21.2 ,24.2 ,26.1 ,28.7 ,31.4 b,33.6 ,35.7 ,37.2 ,41.0 ,43.5 ,49.6 ,50.4 ,53.9 
A;Y55-64;PC_POP;F;EMP_LFS;UK,48.0 ,49.0 ,48.8 b,49.0 b,49.2 ,49.5 ,49.5 ,51.0 ,53.0 ,54.4 ,56.0 ,57.4 ,59.1 ,60.6 ,61.9 
A;Y55-64;PC_POP;M;ACT;AT,40.4 ,44.1 ,47.6 b,49.9 ,50.5 ,51.4 ,50.4 ,52.2 ,55.1 ,56.8 ,57.4 ,61.2 ,63.0 ,66.0 ,65.6 
A;Y55-64;PC_POP;M;ACT;BE,43.4 ,42.7 ,44.4 ,44.4 ,45.2 ,47.6 ,47.8 ,47.9 ,50.5 ,51.3 ,52.2 ,53.6 ,56.9 b,57.9 ,59.8 
A;Y55-64;PC_POP;M;ACT;BG,49.9 ,53.6 ,55.3 ,58.7 ,57.4 ,56.6 b,55.8 b,57.3 ,59.9 ,62.5 ,62.7 ,63.4 ,66.8 ,69.2 ,72.0 
A;Y55-64;PC_POP;M;ACT;CY,73.2 ,74.1 ,74.8 ,73.0 ,74.4 b,74.3 ,72.9 ,71.2 ,71.2 ,69.9 ,70.0 ,70.5 ,71.6 ,75.2 ,76.7 
A;Y55-64;PC_POP;M;ACT;CZ,62.1 ,62.7 ,62.5 ,64.2 ,63.2 ,62.5 ,62.6 b,64.0 ,66.1 ,67.9 ,68.3 ,70.9 ,73.2 ,75.3 ,76.2 
A;Y55-64;PC_POP;M;ACT;DE,61.2 b,63.7 ,65.8 ,67.2 ,69.3 ,70.8 b,71.8 b,73.1 ,74.5 ,75.5 ,75.3 ,76.9 ,77.9 ,78.7 ,79.5 
A;Y55-64;PC_POP;M;ACT;DK,68.7 ,69.6 ,66.9 ,64.3 b,64.5 ,65.1 ,65.9 ,67.1 ,67.6 ,70.5 ,71.2 ,73.2 b,75.0 b,76.4 ,78.4 
A;Y55-64;PC_POP;M;ACT;EE,60.5 ,61.5 ,63.4 ,68.3 ,67.3 ,64.3 ,67.0 ,65.3 ,66.9 ,69.1 ,67.7 ,70.4 ,72.0 ,70.9 ,73.3 
A;Y55-64;PC_POP;M;ACT;EL,60.8 ,61.1 ,60.9 ,61.0 ,60.2 b,60.2 ,57.3 ,55.2 ,55.0 ,53.4 ,54.9 ,57.3 ,59.8 ,61.4 ,63.8 
A;Y55-64;PC_POP;M;ACT;ES,62.9 b,63.3 ,62.8 ,64.7 ,63.6 ,63.7 ,63.5 ,63.6 ,63.3 ,64.3 ,66.2 ,67.0 ,67.9 ,68.4 ,69.2 
A;Y55-64;PC_POP;M;ACT;FI,56.9 ,58.9 ,59.1 ,60.6 ,58.7 ,60.1 ,61.4 ,61.6 ,61.5 ,61.9 ,63.2 ,65.1 ,67.5 ,69.7 ,70.5 
A;Y55-64;PC_POP;M;ACT;FR,43.7 e,42.9 e,42.6 e,42.5 e,44.1 e,45.2 e,47.0 e,51.1 e,52.5 e,53.1 ,55.1 ,56.2 ,56.9 ,58.4 ,59.4 
A;Y55-64;PC_POP;M;ACT;HR,46.6 e,48.0 e,53.2 ,52.1 ,52.7 ,54.4 ,54.2 ,53.9 ,51.0 ,52.1 ,55.0 ,50.7 ,52.8 ,53.4 ,54.2 
A;Y55-64;PC_POP;M;ACT;HU,42.3 ,43.0 ,42.1 ,39.8 ,41.5 ,42.2 ,43.7 ,45.4 ,49.0 ,53.2 ,57.8 ,62.4 ,64.5 ,67.1 ,70.6 
A;Y55-64;PC_POP;M;ACT;IE,67.3 ,68.6 ,69.2 b,68.6 ,65.7 ,64.3 ,64.1 ,63.6 ,66.8 ,68.0 ,70.7 ,70.1 ,70.8 ,72.1 ,72.5 
A;Y55-64;PC_POP;M;ACT;IT,44.3 ,45.0 ,46.2 ,46.8 ,48.4 ,49.5 ,50.5 ,53.6 ,56.6 ,60.2 ,63.3 ,65.9 ,67.0 ,68.6 ,68.6 
A;Y55-64;PC_POP;M;ACT;LT,64.2 ,59.8 ,63.3 ,62.9 ,63.3 ,62.6 ,64.3 ,64.6 ,65.2 ,68.2 ,69.8 ,73.6 ,73.3 ,76.2 ,74.6 
A;Y55-64;PC_POP;M;ACT;LU,39.4 ,38.9 ,36.4 b,39.7 ,47.7 b,48.8 ,48.4 ,48.3 ,50.5 ,52.1 ,45.5 b,49.1 ,46.8 ,47.5 ,51.2 
A;Y55-64;PC_POP;M;ACT;LV,60.1 ,64.3 ,67.6 ,68.2 ,62.8 ,58.5 ,62.5 ,63.2 ,62.2 ,63.7 ,68.0 ,69.4 ,69.1 ,72.5 ,73.0 
A;Y55-64;PC_POP;M;ACT;MT,54.2 b,51.9 ,48.8 ,49.5 ,48.9 ,52.3 ,53.0 ,54.4 ,58.2 ,61.4 ,63.4 ,65.1 ,66.1 ,69.3 ,67.1 
A;Y55-64;PC_POP;M;ACT;NL,56.8 b,56.9 ,61.2 ,63.9 ,64.8 ,66.2 ,67.5 ,70.6 ,74.2 ,75.5 ,77.6 ,78.2 ,79.0 ,80.0 ,81.0 
A;Y55-64;PC_POP;M;ACT;PL,40.9 ,42.6 ,44.7 ,46.8 ,47.5 ,48.9 b,51.6 ,53.5 ,55.9 ,57.2 ,57.5 ,58.6 ,60.8 ,61.9 ,62.6 
A;Y55-64;PC_POP;M;ACT;PT,62.4 ,62.7 ,63.2 ,62.9 ,62.6 ,62.0 ,61.6 b,60.4 ,62.7 ,64.0 ,65.0 ,66.9 ,69.3 ,69.0 ,70.9 
A;Y55-64;PC_POP;M;ACT;RO,48.4 ,52.0 ,52.1 ,55.1 ,54.5 ,52.3 b,51.3 ,53.6 ,53.9 ,55.4 ,53.8 ,55.1 ,57.4 ,59.7 ,61.6 
A;Y55-64;PC_POP;M;ACT;SE,76.4 b,76.0 ,76.2 ,76.5 ,77.8 ,79.3 ,79.9 ,80.9 ,81.6 ,81.5 ,81.8 ,82.5 ,83.2 ,84.7 b,84.1 
A;Y55-64;PC_POP;M;ACT;SI,45.4 ,45.8 ,46.7 ,46.4 ,48.2 ,47.5 ,42.7 ,43.6 ,45.1 ,45.7 ,46.4 ,47.1 ,51.8 ,55.1 ,55.7 
A;Y55-64;PC_POP;M;ACT;SK,55.1 ,55.2 ,57.0 ,59.9 ,58.7 ,59.7 ,58.8 b,60.3 ,59.5 ,58.9 ,58.4 ,60.1 ,60.0 ,61.1 ,62.8 
A;Y55-64;PC_POP;M;ACT;UK,68.2 ,68.3 ,68.9 b,69.8 b,70.3 ,69.2 ,68.4 ,69.5 ,70.6 ,70.9 ,71.4 ,72.6 ,72.1 ,72.7 ,73.3 
A;Y55-64;PC_POP;M;EMP_LFS;AT,38.5 ,41.9 ,46.0 b,48.9 ,49.1 ,49.9 ,48.2 ,50.2 ,52.8 ,54.3 ,54.1 ,57.6 ,60.1 ,63.5 ,63.1 
A;Y55-64;PC_POP;M;EMP_LFS;BE,41.7 ,40.9 ,42.9 ,42.8 ,42.9 ,45.6 ,46.0 ,46.0 ,47.7 ,48.4 ,48.9 ,50.7 ,53.8 b,55.1 ,57.3 
A;Y55-64;PC_POP;M;EMP_LFS;BG,45.5 ,49.5 ,51.8 ,55.8 ,54.1 ,51.3 b,50.5 b,50.8 ,51.9 ,54.5 ,56.8 ,58.3 ,62.5 ,65.4 ,69.2 
A;Y55-64;PC_POP;M;EMP_LFS;CY,70.8 ,71.6 ,72.5 ,70.9 ,71.2 b,70.5 ,69.2 ,63.5 ,61.1 ,57.1 ,57.8 ,61.0 ,64.9 ,70.3 ,72.0 
A;Y55-64;PC_POP;M;EMP_LFS;CZ,59.3 ,59.5 ,59.6 ,61.9 ,59.6 ,58.4 ,58.9 b,60.3 ,62.5 ,64.8 ,65.5 ,68.2 ,71.7 ,74.0 ,74.7 
A;Y55-64;PC_POP;M;EMP_LFS;DE,53.6 b,56.1 ,59.4 ,61.7 ,63.8 ,65.2 b,67.1 b,68.6 ,69.9 ,71.4 ,71.3 ,73.7 ,75.0 ,76.1 ,77.1 
A;Y55-64;PC_POP;M;EMP_LFS;DK,65.6 ,67.1 ,64.9 ,62.8 b,61.1 ,60.5 ,61.5 ,63.1 ,63.9 ,66.5 ,68.4 ,70.1 b,72.1 b,73.8 ,75.8 
A;Y55-64;PC_POP;M;EMP_LFS;EE,56.5 ,57.3 ,59.0 ,64.7 ,59.3 ,51.9 ,57.2 ,59.2 ,61.4 ,65.1 ,63.1 ,63.7 ,66.6 ,65.9 ,69.6 
A;Y55-64;PC_POP;M;EMP_LFS;EL,58.8 ,59.2 ,59.1 ,59.2 ,57.8 b,56.5 ,52.3 ,47.7 ,46.0 ,44.0 ,44.9 ,46.2 ,49.6 ,53.3 ,56.1 
A;Y55-64;PC_POP;M;EMP_LFS;ES,59.4 b,60.2 ,59.6 ,60.5 ,56.4 ,54.5 ,53.8 ,52.1 ,50.5 ,51.2 ,54.0 ,55.7 ,57.8 ,59.7 ,61.1 
A;Y55-64;PC_POP;M;EMP_LFS;FI,52.8 ,54.8 ,55.1 ,57.1 ,54.6 ,55.6 ,56.8 ,56.6 ,56.5 ,56.8 ,57.4 ,59.8 ,61.7 ,64.3 ,64.8 
A;Y55-64;PC_POP;M;EMP_LFS;FR,41.5 e,40.6 e,40.6 e,40.6 e,41.6 e,42.4 e,44.2 e,47.7 e,48.5 e,48.8 ,50.7 ,51.7 ,52.8 ,54.3 ,55.4 
A;Y55-64;PC_POP;M;EMP_LFS;HR,42.5 e,44.6 e,49.5 ,48.9 ,49.6 ,50.5 ,49.6 ,48.0 ,45.0 ,45.8 ,48.2 ,45.1 ,49.0 ,51.0 ,52.6 
A;Y55-64;PC_POP;M;EMP_LFS;HU,40.6 ,41.2 ,40.1 ,37.7 ,38.7 ,38.6 ,39.3 ,41.4 ,44.8 ,49.6 ,54.4 ,59.7 ,62.6 ,65.5 ,69.0 
A;Y55-64;PC_POP;M;EMP_LFS;IE,65.5 ,66.9 ,67.6 b,66.1 ,60.8 ,57.8 ,56.7 ,55.4 ,58.8 ,60.9 ,64.6 ,65.1 ,66.6 ,68.6 ,69.9 
A;Y55-64;PC_POP;M;EMP_LFS;IT,42.7 ,43.7 ,45.0 ,45.3 ,46.6 ,47.6 ,48.2 ,50.4 ,52.8 ,56.5 ,59.3 ,61.7 ,62.8 ,64.2 ,64.6 
A;Y55-64;PC_POP;M;EMP_LFS;LT,59.5 ,55.5 ,60.7 ,60.2 ,55.5 ,52.1 ,54.1 ,55.9 ,56.1 ,58.8 ,62.4 ,66.8 ,67.2 ,70.5 ,69.4 
A;Y55-64;PC_POP;M;EMP_LFS;LU,38.3 ,38.7 ,35.6 b,38.7 ,46.5 b,47.7 ,47.0 ,47.4 ,48.3 ,49.8 ,43.0 b,46.4 ,45.4 ,45.5 ,48.9 
A;Y55-64;PC_POP;M;EMP_LFS;LV,53.5 ,59.3 ,64.3 ,62.8 ,51.8 ,46.9 ,51.7 ,53.2 ,55.2 ,56.3 ,60.1 ,61.3 ,62.4 ,66.3 ,67.6 
A;Y55-64;PC_POP;M;EMP_LFS;MT,52.0 b,50.6 ,47.4 ,47.9 ,46.3 ,50.0 ,51.5 ,52.5 ,55.2 ,57.0 ,59.6 ,62.8 ,64.5 ,67.3 ,66.3 
A;Y55-64;PC_POP;M;EMP_LFS;NL,54.1 b,54.2 ,58.6 ,61.6 ,62.6 ,63.3 ,64.5 ,66.9 ,68.9 ,69.4 ,71.1 ,72.8 ,74.8 ,76.6 ,78.3 
A;Y55-64;PC_POP;M;EMP_LFS;PL,35.9 ,38.4 ,41.4 ,44.1 ,44.3 ,45.2 b,47.8 ,49.3 ,51.3 ,53.1 ,54.2 ,55.7 ,58.3 ,59.8 ,61.0 
A;Y55-64;PC_POP;M;EMP_LFS;PT,58.1 ,58.2 ,58.7 ,58.3 ,57.5 ,55.8 ,54.2 b,51.6 ,53.5 ,54.3 ,56.0 ,58.5 ,63.0 ,64.5 ,66.5 
A;Y55-64;PC_POP;M;EMP_LFS;RO,46.7 ,50.0 ,50.3 ,53.0 ,52.3 ,49.9 b,48.6 ,51.2 ,51.4 ,53.2 ,51.2 ,53.0 ,55.3 ,57.9 ,60.1 
A;Y55-64;PC_POP;M;EMP_LFS;SE,72.4 b,72.3 ,72.9 ,73.4 ,73.2 ,74.0 ,75.2 ,76.3 ,76.9 ,76.5 ,76.8 ,77.5 ,78.4 ,80.4 b,79.8 
A;Y55-64;PC_POP;M;EMP_LFS;SI,43.1 ,44.5 ,45.3 ,44.7 ,46.4 ,45.5 ,39.5 ,40.7 ,41.8 ,41.8 ,42.6 ,43.6 ,48.0 ,52.2 ,53.2 
A;Y55-64;PC_POP;M;EMP_LFS;SK,47.8 ,49.8 ,52.5 ,56.7 ,54.9 ,54.0 ,52.5 b,53.6 ,53.3 ,53.1 ,53.6 ,55.1 ,56.6 ,58.4 ,60.3 
A;Y55-64;PC_POP;M;EMP_LFS;UK,65.9 ,65.9 ,66.2 b,67.2 b,66.1 ,65.1 ,64.1 ,65.4 ,66.8 ,67.8 ,68.6 ,69.5 ,69.2 ,70.3 ,70.9 
