freq;unit;sex;age;reason;geo\TIME_PERIOD,2005 ,2006 ,2007 ,2008 ,2009 ,2010 ,2011 ,2012 ,2013 ,2014 ,2015 ,2016 ,2017 ,2018 ,2019 
A;PC_SAL;F;Y15-74;INEDUC;AT,8.8 b,3.8 ,3.8 ,3.8 ,4.0 ,3.8 ,4.1 ,3.8 ,3.7 ,3.7 ,3.8 ,3.7 ,3.4 ,3.8 ,3.4 
A;PC_SAL;F;Y15-74;INEDUC;BE,0.4 b,0.4 ,0.5 ,0.5 ,0.4 ,0.3 ,0.4 ,0.3 ,0.4 ,0.4 ,0.3 ,0.4 ,0.2 bu,0.3 u,0.4 
A;PC_SAL;F;Y15-74;INEDUC;BG,0.3 bu,0.3 u,: u,: bu,: u,: bc,: bu,: c,: u,: c,: u,: u,: u,: u,: u
A;PC_SAL;F;Y15-74;INEDUC;CY,0.8 bu,0.6 u,0.8 u,0.5 u,0.5 bu,0.5 u,0.4 u,0.4 u,0.6 u,0.6 u,0.5 u,0.5 u,0.7 u,0.4 u,: u
A;PC_SAL;F;Y15-74;INEDUC;CZ,0.0 bu,0.1 u,0.1 u,0.1 u,0.1 u,0.0 u,: bc,0.1 u,0.1 u,: c,0.1 u,: c,0.1 u,0.3 u,0.4 
A;PC_SAL;F;Y15-74;INEDUC;DE,5.9 b,5.7 b,5.9 ,5.5 ,5.7 ,5.2 b,5.1 ,4.7 b,4.7 ,4.6 ,4.5 ,4.8 ,4.8 ,4.7 ,4.7 
A;PC_SAL;F;Y15-74;INEDUC;DK,2.5 b,1.9 ,2.6 ,2.6 b,2.7 ,2.4 ,2.7 ,2.5 ,2.7 ,2.2 ,2.6 ,3.3 b,3.2 b,2.7 ,2.8 
A;PC_SAL;F;Y15-74;INEDUC;EE,: bc,: u,: u,: u,: u,: u,: u,: u,: u,: u,: u,: u,: u,: u,: u
A;PC_SAL;F;Y15-74;INEDUC;EL,1.1 b,0.8 ,1.0 ,1.1 ,0.8 b,0.7 ,0.7 ,0.7 ,0.4 ,0.6 ,0.9 ,1.2 ,1.1 ,0.9 ,0.9 
A;PC_SAL;F;Y15-74;INEDUC;ES,: ,1.5 b,1.3 ,1.1 ,1.2 b,1.0 ,0.9 ,1.0 ,1.0 ,1.3 ,1.3 ,1.3 ,1.2 ,1.1 ,1.0 
A;PC_SAL;F;Y15-74;INEDUC;FI,0.8 b,1.1 ,1.0 b,0.9 ,0.8 ,1.2 ,1.1 ,1.0 ,0.9 ,0.8 ,0.5 ,0.5 ,0.6 ,0.7 ,0.9 
A;PC_SAL;F;Y15-74;INEDUC;FR,2.2 b,2.0 b,2.2 ,2.2 ,2.1 ,2.1 ,2.2 ,2.4 ,1.7 ,2.1 b,1.8 ,1.8 ,1.9 ,2.0 ,1.9 
A;PC_SAL;F;Y15-74;INEDUC;HR,4.8 b,5.3 ,6.1 ,5.3 ,5.9 ,7.0 ,6.8 ,6.2 ,6.8 ,8.8 b,10.9 ,2.4 ,1.6 ,0.6 u,1.2 u
A;PC_SAL;F;Y15-74;INEDUC;HU,: bu,: u,: u,: u,: u,: u,: u,: u,: u,: u,: u,: u,0.2 u,0.2 u,0.2 u
A;PC_SAL;F;Y15-74;INEDUC;IE,: bu,: ,0.4 b,0.4 ,0.4 ,0.3 u,0.3 u,0.9 ,1.3 ,1.2 ,1.1 ,0.7 ,0.7 b,1.0 ,1.0 
A;PC_SAL;F;Y15-74;INEDUC;IT,2.4 b,2.9 ,2.7 ,2.8 ,2.6 ,2.5 ,2.3 ,2.3 ,2.0 ,2.1 ,1.9 ,2.0 ,2.4 ,2.2 ,2.4 
A;PC_SAL;F;Y15-74;INEDUC;LT,: bu,: u,: u,: u,: u,: u,: u,: u,: u,: u,: u,: u,0.2 u,0.2 u,0.2 u
A;PC_SAL;F;Y15-74;INEDUC;LU,: bu,1.4 ,1.4 b,1.3 ,2.0 b,1.5 ,1.4 ,1.5 ,1.3 ,1.7 ,1.9 b,: u,: u,0.7 u,: c
A;PC_SAL;F;Y15-74;INEDUC;LV,: bu,: u,0.4 ,: u,: u,: u,: u,: u,: u,: u,: u,: u,: c,: c,: c
A;PC_SAL;F;Y15-74;INEDUC;MT,: bu,: u,: u,: u,: u,0.7 u,1.0 u,0.7 u,0.6 u,: u,0.7 u,1.2 ,0.5 u,0.9 u,1.6 
A;PC_SAL;F;Y15-74;INEDUC;NL,0.1 b,0.3 b,0.4 ,0.4 ,0.5 ,0.4 ,0.4 ,0.4 ,: u,0.1 u,: u,0.5 ,0.5 ,0.6 ,0.6 
A;PC_SAL;F;Y15-74;INEDUC;PL,2.3 b,2.7 ,3.1 ,3.3 ,3.0 ,3.3 b,2.7 b,2.9 ,3.2 ,3.6 ,3.5 ,2.8 ,2.5 ,2.7 ,2.5 
A;PC_SAL;F;Y15-74;INEDUC;PT,1.3 b,1.2 ,1.5 ,1.3 ,1.1 ,1.2 ,1.1 b,0.8 ,1.0 ,1.4 ,1.5 ,1.2 ,1.2 ,1.1 ,0.8 
A;PC_SAL;F;Y15-74;INEDUC;RO,: bu,: u,: u,: u,: u,: bu,: c,: u,: u,: u,: u,: u,: u,: u,: c
A;PC_SAL;F;Y15-74;INEDUC;SE,: bu,: u,: u,: u,: u,0.1 ,0.1 ,0.1 ,0.1 ,0.2 ,0.2 ,0.2 ,0.1 ,0.2 b,: u
A;PC_SAL;F;Y15-74;INEDUC;SI,1.0 bu,1.0 u,1.0 u,0.9 u,0.8 u,0.8 u,0.8 u,0.5 u,0.4 u,0.6 u,0.4 u,0.4 u,0.5 u,0.7 u,0.5 u
A;PC_SAL;F;Y15-74;INEDUC;SK,: ,: u,: u,: u,: u,: u,: bu,: u,: u,: u,: u,: u,: u,: u,: u
A;PC_SAL;F;Y15-74;INEDUC;UK,0.4 b,0.4 ,0.5 b,0.3 b,0.3 ,0.3 ,0.3 ,0.4 ,0.4 ,0.5 ,0.5 ,0.4 ,0.5 ,0.5 ,0.4 
A;PC_SAL;F;Y15-74;INVTMP;AT,: ,1.3 ,1.6 ,1.3 ,1.2 ,0.9 ,0.9 ,0.9 ,0.9 ,0.9 ,1.0 ,1.0 ,1.1 ,1.0 ,1.0 
A;PC_SAL;F;Y15-74;INVTMP;BE,8.3 b,7.3 ,7.1 ,5.9 ,5.7 ,7.3 ,7.8 ,7.2 ,7.1 ,7.4 ,7.8 ,7.8 ,7.8 b,7.3 ,7.3 
A;PC_SAL;F;Y15-74;INVTMP;BG,3.7 b,3.5 ,3.1 ,2.0 b,2.4 ,2.5 b,2.4 b,2.6 ,3.0 ,3.3 ,2.7 ,2.3 ,2.8 ,2.1 ,2.7 
A;PC_SAL;F;Y15-74;INVTMP;CY,18.2 b,17.6 ,17.4 ,18.5 ,19.1 b,19.8 ,20.0 ,20.3 ,23.2 ,23.2 ,21.7 ,19.5 ,17.2 ,15.8 ,17.1 
A;PC_SAL;F;Y15-74;INVTMP;CZ,6.3 b,6.5 ,5.9 ,6.1 ,6.3 ,7.2 ,7.2 b,8.3 ,8.2 ,8.2 ,9.2 ,8.7 ,8.9 ,6.3 ,5.7 
A;PC_SAL;F;Y15-74;INVTMP;DE,2.4 b,2.7 b,2.9 ,2.6 ,2.3 ,2.7 b,2.6 ,2.2 b,2.0 ,1.9 ,1.8 ,2.0 ,2.0 ,1.8 ,1.5 
A;PC_SAL;F;Y15-74;INVTMP;DK,6.3 b,5.6 ,4.5 ,4.3 b,4.5 ,4.4 ,4.6 ,5.1 ,5.1 ,5.2 ,4.1 ,5.7 b,5.7 b,4.8 ,4.6 
A;PC_SAL;F;Y15-74;INVTMP;EE,0.8 bu,0.8 u,: u,: u,0.6 u,0.7 u,0.8 u,0.8 u,0.7 u,0.7 u,0.6 u,0.5 u,: u,0.4 u,: u
A;PC_SAL;F;Y15-74;INVTMP;EL,10.6 b,9.4 ,9.6 ,9.9 ,10.2 b,10.8 ,10.0 ,9.0 ,8.4 ,8.7 ,8.4 ,9.0 ,9.9 ,10.1 ,10.4 
A;PC_SAL;F;Y15-74;INVTMP;ES,: ,24.0 b,21.4 ,22.1 ,20.5 b,21.1 ,21.9 ,21.6 ,20.5 ,20.6 ,21.8 ,22.9 ,22.7 ,22.2 ,21.8 
A;PC_SAL;F;Y15-74;INVTMP;FI,15.2 b,14.7 ,13.6 b,12.0 ,12.5 ,12.4 ,11.8 ,12.1 ,11.9 ,12.8 ,13.0 ,13.3 ,13.7 ,13.9 ,12.3 
A;PC_SAL;F;Y15-74;INVTMP;FR,8.7 b,9.3 b,9.6 ,9.6 ,9.2 ,9.7 ,9.5 ,9.4 ,9.9 ,9.7 b,9.9 ,10.2 ,10.6 ,10.0 ,9.4 
A;PC_SAL;F;Y15-74;INVTMP;HR,7.0 b,6.8 ,7.1 ,6.4 ,6.7 ,6.6 ,6.7 ,6.9 ,7.0 ,7.8 b,8.4 ,17.5 ,17.5 ,17.8 ,16.1 
A;PC_SAL;F;Y15-74;INVTMP;HU,3.0 b,3.5 ,4.1 ,4.2 ,4.9 ,6.3 ,5.4 ,5.9 ,7.4 ,7.5 ,8.5 ,8.2 ,7.4 ,5.7 ,5.1 
A;PC_SAL;F;Y15-74;INVTMP;IE,0.6 b,1.1 ,1.4 b,1.6 ,2.1 ,2.8 ,3.0 ,4.9 ,4.9 ,4.7 ,4.2 ,4.2 ,3.5 b,2.9 ,2.4 
A;PC_SAL;F;Y15-74;INVTMP;IT,9.9 b,10.6 ,11.1 ,10.7 ,10.3 ,10.2 ,10.7 ,10.9 ,10.7 ,10.5 ,11.0 ,11.0 ,11.9 ,14.3 ,14.0 
A;PC_SAL;F;Y15-74;INVTMP;LT,2.5 bu,1.9 u,1.7 u,1.0 u,1.2 u,1.2 u,1.1 u,1.4 ,1.2 ,1.0 ,1.0 ,1.0 ,0.7 ,0.6 u,0.5 u
A;PC_SAL;F;Y15-74;INVTMP;LU,3.2 b,3.1 ,3.0 b,3.2 ,3.9 b,3.0 ,3.7 ,3.9 ,4.3 ,4.8 ,4.4 b,4.8 ,5.2 ,5.9 ,: u
A;PC_SAL;F;Y15-74;INVTMP;LV,2.0 b,3.6 ,1.5 ,1.1 ,2.2 ,3.9 ,4.1 ,2.2 ,2.3 ,1.7 ,1.5 ,1.5 ,0.8 ,1.4 ,1.5 
A;PC_SAL;F;Y15-74;INVTMP;MT,2.8 b,2.7 ,3.6 ,3.1 ,3.8 ,3.7 ,4.2 ,4.2 ,5.2 ,6.1 ,5.1 ,3.6 ,3.2 ,3.5 ,2.6 
A;PC_SAL;F;Y15-74;INVTMP;NL,4.4 b,5.0 b,4.8 ,4.8 ,5.4 ,4.1 ,4.4 ,4.9 ,6.2 ,7.2 ,8.1 ,7.4 ,6.8 ,6.0 ,5.5 
A;PC_SAL;F;Y15-74;INVTMP;PL,11.7 b,19.3 ,19.8 ,19.3 ,19.0 ,19.6 b,15.9 b,16.6 ,17.2 ,18.2 ,17.5 ,17.1 ,15.5 ,13.0 ,10.2 
A;PC_SAL;F;Y15-74;INVTMP;PT,14.5 b,17.5 ,18.7 ,19.6 ,19.2 ,19.7 ,19.1 b,17.8 ,18.5 ,17.8 ,17.9 ,18.7 ,18.0 ,18.3 ,17.4 
A;PC_SAL;F;Y15-74;INVTMP;RO,1.2 b,1.1 ,1.1 ,0.9 ,0.8 ,0.7 b,0.9 ,0.9 ,1.0 ,1.0 ,0.9 ,0.7 ,0.7 ,0.7 ,0.8 
A;PC_SAL;F;Y15-74;INVTMP;SE,11.1 b,11.7 ,11.9 ,10.6 ,10.6 ,10.8 ,10.9 ,10.4 ,10.8 ,11.2 ,10.6 ,9.6 ,9.4 ,9.2 b,8.6 
A;PC_SAL;F;Y15-74;INVTMP;SI,8.6 b,9.8 ,11.1 ,8.9 ,8.4 ,9.9 ,11.2 ,9.6 ,9.6 ,10.8 ,11.1 ,9.9 ,10.1 ,6.7 ,4.7 
A;PC_SAL;F;Y15-74;INVTMP;SK,2.9 b,3.3 ,3.4 ,3.4 ,3.2 ,3.2 ,5.5 b,5.9 ,5.8 ,6.8 ,8.9 ,6.1 ,7.4 ,6.7 ,6.2 
A;PC_SAL;F;Y15-74;INVTMP;UK,1.2 b,1.5 ,1.5 b,1.2 b,1.5 ,1.9 ,1.9 ,2.2 ,2.0 ,1.9 ,1.9 ,1.7 ,1.5 ,1.3 ,1.3 
A;PC_SAL;F;Y15-74;NRP;AT,: ,2.2 ,2.0 ,: ,: ,: ,: ,: ,: ,: ,: ,: ,: ,: ,: 
A;PC_SAL;F;Y15-74;NRP;BE,2.0 b,2.2 ,2.2 ,2.9 ,3.0 ,: ,: ,: ,: ,: ,: ,: ,: ,: ,: 
A;PC_SAL;F;Y15-74;NRP;BG,0.4 bu,0.5 u,0.5 u,0.4 bu,0.6 u,: bu,: bc,: c,: u,: c,: ,: c,: u,: c,: c
A;PC_SAL;F;Y15-74;NRP;CY,: bu,: ,: ,: ,: ,: ,: ,: ,: ,: ,: ,: ,: ,: ,: 
A;PC_SAL;F;Y15-74;NRP;CZ,: ,: u,: u,: c,: ,: ,: ,: c,: ,: c,: ,: c,: c,: c,: 
A;PC_SAL;F;Y15-74;NRP;DE,4.2 b,3.9 b,4.4 ,4.5 ,4.3 ,4.7 b,4.8 ,4.8 b,4.7 ,4.7 ,4.7 ,4.1 ,3.8 ,3.7 ,3.4 
A;PC_SAL;F;Y15-74;NRP;DK,: bu,: u,0.6 ,0.2 bu,: ,: ,: c,: c,: ,: ,0.7 ,: bu,: bc,: u,: u
A;PC_SAL;F;Y15-74;NRP;EE,: bu,: c,: ,: ,: ,: u,: u,0.4 u,: u,: u,: u,0.7 u,0.5 u,0.3 u,: u
A;PC_SAL;F;Y15-74;NRP;EL,1.8 b,1.9 ,1.7 ,1.8 ,1.9 b,1.9 ,1.5 ,1.4 ,1.8 ,2.3 ,2.5 ,0.6 ,1.0 ,1.2 ,1.6 
A;PC_SAL;F;Y15-74;NRP;ES,35.6 b,7.3 b,6.2 ,5.1 ,3.9 b,2.6 ,2.3 ,2.1 ,1.8 ,1.6 ,1.6 ,1.2 ,1.8 ,2.7 ,2.7 
A;PC_SAL;F;Y15-74;NRP;FI,: bu,0.2 u,: bu,: u,: c,: u,: u,: u,: u,: u,: u,: u,: u,: u,: c
A;PC_SAL;F;Y15-74;NRP;FR,: bu,1.0 b,1.0 ,1.0 ,1.2 ,1.1 ,1.1 ,1.0 ,1.9 ,1.6 b,2.0 ,1.8 ,1.7 ,1.6 ,1.9 
A;PC_SAL;F;Y15-74;NRP;HR,: bu,: ,: ,: ,: ,: ,: ,: ,: ,: ,: ,: u,: c,: c,: u
A;PC_SAL;F;Y15-74;NRP;HU,1.9 b,: ,: ,: ,: ,: ,: ,: ,: ,: ,: ,: ,: ,: ,: 
A;PC_SAL;F;Y15-74;NRP;IE,1.0 b,5.3 ,6.1 b,6.0 ,6.2 ,5.9 ,6.2 ,3.3 ,2.3 ,2.1 ,2.0 ,1.9 ,2.6 b,3.1 ,3.3 
A;PC_SAL;F;Y15-74;NRP;IT,0.3 b,0.1 ,0.0 u,0.0 ,: u,0.0 ,0.0 u,0.0 ,0.1 ,0.0 u,0.1 ,0.1 ,0.1 ,0.1 ,0.1 
A;PC_SAL;F;Y15-74;NRP;LT,: bu,: ,: ,: ,: ,: ,: ,: ,: ,: ,: ,: ,: ,: ,: 
A;PC_SAL;F;Y15-74;NRP;LU,1.0 bu,: ,: ,: ,0.8 bu,1.0 u,1.5 ,0.6 u,0.9 u,0.7 u,0.6 bu,1.5 ,1.3 ,1.4 ,9.6 
A;PC_SAL;F;Y15-74;NRP;LV,2.5 b,: ,: ,: ,: ,: ,: ,: ,: ,: ,: ,: ,: ,: ,: 
A;PC_SAL;F;Y15-74;NRP;MT,: ,: c,: u,: ,: ,: c,: c,: c,: ,: ,: ,: ,: ,: ,: 
A;PC_SAL;F;Y15-74;NRP;NL,5.2 b,5.3 b,5.5 ,5.1 ,5.6 ,5.0 ,5.5 ,5.9 ,6.1 ,6.4 ,6.6 ,6.8 ,6.9 ,6.1 ,5.9 
A;PC_SAL;F;Y15-74;NRP;PL,6.9 b,: ,: ,: ,: ,: ,: ,: ,: ,: ,: ,: ,: ,: ,: 
A;PC_SAL;F;Y15-74;NRP;PT,3.3 b,: ,: ,: ,: ,: ,: ,: ,: ,: ,: ,: ,: ,: ,: 
A;PC_SAL;F;Y15-74;NRP;RO,: bu,: u,: u,: ,: ,: ,: ,: ,: ,: ,: ,: ,: ,: ,: 
A;PC_SAL;F;Y15-74;NRP;SE,: bc,0.2 u,0.2 ,0.2 ,0.2 ,0.3 ,0.3 ,0.3 ,0.3 ,0.3 ,0.3 ,0.5 ,0.4 ,0.5 b,0.4 
A;PC_SAL;F;Y15-74;NRP;SI,1.8 b,: ,: ,: ,: ,: ,: ,: ,: ,: ,: ,: ,: ,: ,: 
A;PC_SAL;F;Y15-74;NRP;SK,0.6 b,: ,: ,: ,: ,1.4 ,: ,: ,: ,0.4 ,0.6 ,0.9 ,0.3 u,0.4 ,: 
A;PC_SAL;F;Y15-74;NRP;UK,2.6 b,2.4 ,2.4 b,1.8 b,1.7 ,1.8 ,1.9 ,1.9 ,2.0 ,2.2 ,2.0 ,2.2 ,2.1 ,1.9 ,1.6 
A;PC_SAL;F;Y15-74;STAGE;AT,: ,1.0 ,0.8 ,0.9 ,0.9 ,1.2 ,1.2 ,1.3 ,1.2 ,1.1 ,1.1 ,1.2 ,1.2 ,1.4 ,1.4 
A;PC_SAL;F;Y15-74;STAGE;BG,1.1 b,1.1 ,1.2 ,0.8 bu,0.4 u,0.6 bu,0.7 bu,: u,1.1 ,1.1 ,0.9 u,1.0 ,0.9 u,0.7 u,0.6 u
A;PC_SAL;F;Y15-74;STAGE;CY,: bu,0.4 u,0.4 u,0.4 u,: bu,: u,: u,: c,: u,: u,0.9 u,0.6 u,0.4 u,: u,: u
A;PC_SAL;F;Y15-74;STAGE;CZ,0.5 b,0.6 ,0.6 ,: ,: ,: ,: ,: ,: ,: ,: ,: ,: ,1.3 ,1.2 
A;PC_SAL;F;Y15-74;STAGE;DE,1.2 b,1.3 b,1.1 ,1.6 ,1.5 ,1.6 b,1.5 ,1.7 b,1.6 ,1.6 ,1.7 ,1.7 ,1.7 ,1.7 ,1.6 
A;PC_SAL;F;Y15-74;STAGE;DK,: bc,: u,0.3 u,0.2 bu,0.2 u,0.2 u,0.4 ,0.3 u,0.4 ,0.3 u,0.2 u,0.7 b,0.5 b,0.5 ,0.4 
A;PC_SAL;F;Y15-74;STAGE;EE,: bu,0.6 u,0.7 u,0.8 u,0.7 u,1.1 ,1.8 ,1.0 ,1.4 ,1.4 ,1.5 ,1.5 ,1.4 ,1.7 ,1.9 
A;PC_SAL;F;Y15-74;STAGE;EL,0.6 b,0.6 ,0.6 ,0.7 ,0.9 b,0.7 ,0.5 ,0.4 ,0.4 ,0.6 ,0.6 ,1.2 ,0.8 ,0.3 ,0.4 
A;PC_SAL;F;Y15-74;STAGE;ES,: ,0.5 b,0.5 ,0.4 ,0.2 b,0.2 ,0.2 ,0.1 ,0.1 u,0.2 ,0.2 ,0.2 ,0.2 ,0.2 ,0.3 
A;PC_SAL;F;Y15-74;STAGE;FI,0.3 bu,0.3 u,0.2 bu,0.5 ,0.3 u,0.4 ,0.3 u,0.3 u,: u,0.2 u,0.2 u,0.2 u,: u,: u,: c
A;PC_SAL;F;Y15-74;STAGE;FR,0.7 b,0.7 b,0.9 ,0.7 ,0.6 ,0.6 ,0.6 ,0.6 ,0.3 u,0.3 bu,0.3 u,0.4 ,0.4 ,0.3 ,0.5 
A;PC_SAL;F;Y15-74;STAGE;HR,: ,: u,0.8 u,0.6 u,0.2 u,0.2 u,0.4 u,0.3 u,0.3 u,0.4 bu,0.5 u,1.0 u,0.3 u,0.3 u,0.3 u
A;PC_SAL;F;Y15-74;STAGE;HU,1.1 b,1.2 ,1.2 ,1.6 ,1.4 ,1.5 ,1.5 ,1.1 ,1.3 ,1.3 ,1.2 ,0.9 ,1.0 ,1.0 ,0.8 
A;PC_SAL;F;Y15-74;STAGE;IE,: ,: u,: ,: ,: ,: ,: ,: u,0.2 u,0.4 ,0.3 u,0.2 u,0.4 b,0.8 ,1.0 
A;PC_SAL;F;Y15-74;STAGE;IT,0.7 b,0.8 ,0.9 ,1.0 ,0.9 ,1.0 ,1.0 ,1.1 ,1.0 ,1.2 ,1.2 ,1.1 ,1.1 ,0.7 ,0.5 
A;PC_SAL;F;Y15-74;STAGE;LT,: bu,: u,: u,: u,: u,: u,: u,: u,0.5 u,0.6 u,0.4 u,0.4 u,0.3 u,0.3 u,0.3 u
A;PC_SAL;F;Y15-74;STAGE;LU,: bu,1.6 ,2.7 b,1.9 ,1.3 b,1.8 ,1.3 ,0.9 u,1.3 ,1.0 ,1.2 b,0.7 u,1.4 ,1.5 ,: c
A;PC_SAL;F;Y15-74;STAGE;LV,0.8 b,0.8 ,0.3 u,: u,: u,0.7 u,0.7 u,0.6 u,0.6 u,0.4 u,0.5 u,0.7 ,0.3 u,: u,0.4 u
A;PC_SAL;F;Y15-74;STAGE;MT,: bu,: u,1.1 u,0.9 u,0.8 u,1.2 u,1.4 u,1.5 ,1.5 ,1.6 ,1.5 ,2.2 ,1.6 ,2.0 ,3.9 
A;PC_SAL;F;Y15-74;STAGE;NL,5.0 b,4.8 b,5.6 ,5.6 ,5.8 ,6.9 ,6.9 ,7.0 ,6.7 ,6.0 ,4.5 ,5.0 ,6.0 ,6.7 ,6.3 
A;PC_SAL;F;Y15-74;STAGE;PL,2.3 b,2.4 ,2.9 ,2.6 ,1.9 ,1.8 b,3.4 b,2.6 ,2.2 ,2.2 ,2.6 ,2.7 ,3.2 ,3.8 ,4.3 
A;PC_SAL;F;Y15-74;STAGE;PT,1.2 b,1.9 ,1.6 ,1.9 ,1.8 ,1.6 ,1.0 b,0.8 ,1.0 ,0.9 ,1.2 ,1.2 ,1.3 ,1.3 ,1.3 
A;PC_SAL;F;Y15-74;STAGE;RO,0.3 bu,: u,: u,: u,: u,: bu,: u,: u,: u,: u,: u,: u,: u,: u,: u
A;PC_SAL;F;Y15-74;STAGE;SE,0.9 b,1.2 ,1.5 ,1.5 ,1.1 ,1.2 ,1.4 ,1.2 ,1.3 ,1.2 ,1.3 ,1.5 ,1.6 ,1.5 b,1.5 
A;PC_SAL;F;Y15-74;STAGE;SI,0.9 bu,0.8 u,1.8 ,1.3 ,0.6 u,1.0 u,1.3 ,0.8 u,0.7 u,0.6 u,0.8 u,0.9 u,1.3 ,1.4 ,1.3 
A;PC_SAL;F;Y15-74;STAGE;UK,: ,0.2 ,0.2 b,0.2 b,0.2 ,0.1 u,0.2 ,0.2 u,0.3 ,0.1 u,0.2 ,0.2 ,0.1 u,0.2 ,0.1 u
A;PC_SAL;F;Y15-74;TOTAL;AT,8.8 b,8.9 ,9.0 ,9.1 ,9.0 ,8.9 ,9.4 ,9.3 ,9.0 ,9.1 ,9.0 ,9.1 ,9.2 ,9.3 ,8.8 
A;PC_SAL;F;Y15-74;TOTAL;BE,11.4 b,10.9 ,10.8 ,10.2 ,10.2 ,9.6 ,10.3 ,9.3 ,9.2 ,9.7 ,9.7 ,10.0 ,10.1 b,9.9 ,10.4 
A;PC_SAL;F;Y15-74;TOTAL;BG,5.9 b,5.9 ,5.4 ,3.7 b,3.9 ,3.8 b,3.8 b,3.6 ,4.6 ,4.8 ,4.0 ,3.7 ,4.5 ,3.6 ,4.2 
A;PC_SAL;F;Y15-74;TOTAL;CY,19.5 b,19.0 ,19.2 ,19.9 ,20.0 b,20.7 ,20.9 ,20.9 ,24.2 ,24.3 ,23.3 ,21.1 ,18.6 ,17.1 ,18.1 
A;PC_SAL;F;Y15-74;TOTAL;CZ,9.8 b,10.0 ,10.1 ,9.8 ,10.1 ,10.5 ,9.7 b,10.8 ,10.6 ,10.8 ,11.8 ,11.6 ,12.2 ,10.9 ,9.9 
A;PC_SAL;F;Y15-74;TOTAL;DE,14.0 b,13.9 b,14.6 ,14.5 ,14.1 ,14.5 b,14.3 ,13.7 b,13.4 ,13.1 ,13.1 ,13.1 ,12.8 ,12.3 ,11.6 
A;PC_SAL;F;Y15-74;TOTAL;DK,11.3 b,9.9 ,10.4 ,9.3 b,9.4 ,8.6 ,9.1 ,9.1 ,9.1 ,8.6 ,9.2 ,14.4 b,13.5 b,12.1 ,12.0 
A;PC_SAL;F;Y15-74;TOTAL;EE,1.9 b,2.1 ,1.6 ,1.4 ,2.0 ,2.7 ,3.5 ,2.7 ,3.0 ,3.0 ,3.1 ,3.5 ,2.8 ,3.3 ,3.2 
A;PC_SAL;F;Y15-74;TOTAL;EL,14.5 b,13.1 ,13.3 ,13.9 ,14.3 b,14.6 ,13.2 ,11.8 ,11.3 ,12.4 ,12.6 ,12.4 ,13.4 ,13.5 ,14.5 
A;PC_SAL;F;Y15-74;TOTAL;ES,35.6 b,35.8 b,31.8 ,30.6 ,26.8 b,25.8 ,26.3 ,25.7 ,24.0 ,24.3 ,25.8 ,26.4 ,26.9 ,27.6 ,27.1 
A;PC_SAL;F;Y15-74;TOTAL;FI,21.7 b,21.8 ,19.9 b,18.2 ,18.1 ,18.3 ,18.2 ,17.5 ,18.4 ,18.3 ,17.9 ,18.3 ,18.8 ,19.9 ,18.0 
A;PC_SAL;F;Y15-74;TOTAL;FR,14.8 b,15.9 b,16.9 ,16.4 ,16.2 ,16.5 ,16.4 ,16.5 ,16.5 ,16.4 b,16.9 ,17.3 ,18.4 ,17.6 ,17.6 
A;PC_SAL;F;Y15-74;TOTAL;HR,12.3 b,12.6 ,14.0 ,12.5 ,13.1 ,14.1 ,14.0 ,13.4 ,14.1 ,17.2 b,20.1 ,22.5 ,20.8 ,20.6 ,19.5 
A;PC_SAL;F;Y15-74;TOTAL;HU,6.4 b,6.1 ,6.8 ,7.1 ,7.8 ,9.3 ,8.4 ,8.5 ,10.4 ,10.3 ,11.1 ,10.2 ,9.5 ,8.0 ,7.2 
A;PC_SAL;F;Y15-74;TOTAL;IE,2.7 b,8.8 ,10.7 b,10.7 ,10.4 ,10.8 ,11.1 ,11.0 ,10.6 ,10.4 ,9.6 ,9.2 ,9.4 b,10.4 ,10.4 
A;PC_SAL;F;Y15-74;TOTAL;IT,14.6 b,15.7 ,15.8 ,15.6 ,14.6 ,14.4 ,14.6 ,14.8 ,14.2 ,14.1 ,14.5 ,14.6 ,15.9 ,17.6 ,17.3 
A;PC_SAL;F;Y15-74;TOTAL;LT,3.4 bu,2.6 u,2.4 u,1.8 u,1.6 ,1.7 ,1.9 ,1.9 ,2.0 ,2.0 ,1.8 ,1.7 ,1.3 ,1.5 ,1.4 
A;PC_SAL;F;Y15-74;TOTAL;LU,5.8 b,6.6 ,7.6 b,6.6 ,8.9 b,8.2 ,8.5 ,8.0 ,9.0 ,9.6 ,9.5 b,8.7 ,9.1 ,10.5 ,10.0 
A;PC_SAL;F;Y15-74;TOTAL;LV,6.1 b,5.4 ,2.8 ,2.1 ,2.9 ,5.2 ,5.5 ,3.3 ,3.6 ,2.4 ,3.0 ,2.8 ,1.8 ,1.9 ,2.5 
A;PC_SAL;F;Y15-74;TOTAL;MT,5.9 b,5.8 ,7.7 ,5.8 ,6.8 ,7.1 ,8.1 ,7.8 ,8.8 ,9.6 ,9.0 ,8.9 ,6.9 ,8.6 ,10.8 
A;PC_SAL;F;Y15-74;TOTAL;NL,16.7 b,17.2 b,18.6 ,18.5 ,19.7 ,18.5 ,19.4 ,20.3 ,21.4 ,22.2 ,21.7 ,22.1 ,23.0 ,22.8 ,21.4 
A;PC_SAL;F;Y15-74;TOTAL;PL,24.6 b,26.0 ,27.9 ,27.7 ,26.6 ,27.1 b,26.1 ,26.3 ,26.4 ,28.1 ,27.9 ,27.7 ,26.7 ,25.3 ,23.0 
A;PC_SAL;F;Y15-74;TOTAL;PT,20.3 b,21.6 ,22.9 ,24.1 ,23.2 ,23.5 ,22.2 b,20.4 ,21.5 ,21.2 ,21.5 ,22.1 ,21.7 ,22.0 ,21.0 
A;PC_SAL;F;Y15-74;TOTAL;RO,1.9 b,1.6 ,1.5 ,1.2 ,1.0 ,0.9 b,1.2 ,1.1 ,1.1 ,1.2 ,1.1 ,1.0 ,0.9 ,0.9 ,1.0 
A;PC_SAL;F;Y15-74;TOTAL;SE,17.7 b,19.1 ,19.9 ,18.7 ,17.6 ,18.3 ,19.0 ,18.5 ,19.1 ,19.4 ,18.8 ,18.3 ,18.5 ,18.5 b,18.3 
A;PC_SAL;F;Y15-74;TOTAL;SI,19.3 b,19.3 ,20.8 ,19.6 ,17.8 ,19.3 ,19.9 ,18.6 ,17.2 ,17.1 ,18.8 ,18.1 ,19.1 ,17.3 ,15.0 
A;PC_SAL;F;Y15-74;TOTAL;SK,4.9 b,5.2 ,5.2 ,4.8 ,4.1 ,5.9 ,7.0 b,7.3 ,7.2 ,8.6 ,11.4 ,10.4 ,10.0 ,9.0 ,8.9 
A;PC_SAL;F;Y15-74;TOTAL;UK,5.9 b,6.3 ,6.4 b,5.0 b,5.2 ,5.5 ,5.5 ,6.1 ,5.9 ,6.0 ,5.9 ,5.9 ,5.7 ,5.3 ,4.7 
A;PC_SAL;F;Y15-74;WANTTMP;AT,: ,0.5 ,0.8 ,3.0 ,2.9 ,3.1 ,3.2 ,3.3 ,3.2 ,3.4 ,3.1 ,3.1 ,3.5 ,3.2 ,3.1 
A;PC_SAL;F;Y15-74;WANTTMP;BE,0.7 b,0.9 ,1.0 ,0.9 ,1.0 ,2.0 ,2.1 ,1.8 ,1.7 ,1.9 ,1.5 ,1.9 ,2.0 b,2.3 ,2.6 
A;PC_SAL;F;Y15-74;WANTTMP;BG,0.4 bu,0.5 u,0.4 u,: bu,0.4 u,: bu,: bu,: u,: u,: u,: u,: u,0.5 u,0.6 u,0.8 u
A;PC_SAL;F;Y15-74;WANTTMP;CY,: bu,: u,0.6 u,0.5 u,: bu,: u,: u,: u,: u,: u,: u,0.5 u,0.4 u,0.7 u,0.6 u
A;PC_SAL;F;Y15-74;WANTTMP;CZ,3.0 b,2.9 ,3.4 ,3.5 ,3.7 ,3.2 ,2.5 b,2.4 ,2.4 ,2.6 ,2.5 ,2.8 ,3.2 ,3.0 ,2.5 
A;PC_SAL;F;Y15-74;WANTTMP;DE,0.3 b,: bu,0.4 ,0.3 ,0.3 ,0.3 b,0.4 ,0.3 b,0.3 ,0.3 ,0.3 ,0.4 ,0.4 ,0.4 ,0.4 
A;PC_SAL;F;Y15-74;WANTTMP;DK,2.4 b,2.3 ,2.4 ,2.0 b,1.9 ,1.5 ,1.4 ,1.2 ,1.0 ,0.9 ,1.6 ,4.6 b,4.1 b,4.0 ,4.1 
A;PC_SAL;F;Y15-74;WANTTMP;EE,: bu,0.6 u,: u,: u,: u,: u,0.5 u,0.5 u,0.5 u,0.6 u,0.6 u,0.6 u,0.4 u,0.7 u,0.6 u
A;PC_SAL;F;Y15-74;WANTTMP;EL,0.4 b,0.5 ,0.5 ,0.4 ,0.5 b,0.6 ,0.5 ,0.2 u,0.3 u,0.3 u,0.3 u,0.4 ,0.5 ,1.0 ,1.2 
A;PC_SAL;F;Y15-74;WANTTMP;ES,: ,2.5 b,2.4 ,1.9 ,1.0 b,0.8 ,1.0 ,0.8 ,0.7 ,0.7 ,0.8 ,0.7 ,0.9 ,1.3 ,1.3 
A;PC_SAL;F;Y15-74;WANTTMP;FI,5.4 b,5.6 ,5.0 b,4.6 ,4.4 ,4.1 ,4.8 ,4.0 ,5.3 ,4.3 ,4.1 ,4.3 ,4.2 ,5.1 ,4.7 
A;PC_SAL;F;Y15-74;WANTTMP;FR,3.1 b,2.9 b,3.2 ,2.9 ,3.1 ,2.9 ,3.1 ,3.1 ,2.6 ,2.7 b,2.9 ,3.2 ,3.7 ,3.6 ,3.9 
A;PC_SAL;F;Y15-74;WANTTMP;HR,: bu,: u,: u,0.2 u,0.3 u,0.2 u,: u,: c,: c,0.3 bu,0.3 u,1.6 ,1.3 u,1.8 ,1.8 
A;PC_SAL;F;Y15-74;WANTTMP;HU,0.3 bu,1.3 ,1.5 ,1.2 ,1.4 ,1.4 ,1.4 ,1.4 ,1.5 ,1.4 ,1.3 ,1.0 ,0.9 ,1.0 ,1.1 
A;PC_SAL;F;Y15-74;WANTTMP;IE,1.1 b,2.2 ,2.8 b,2.7 ,1.7 ,1.9 ,1.6 ,1.7 ,1.8 ,2.0 ,2.0 ,2.1 ,2.2 b,2.6 ,2.7 
A;PC_SAL;F;Y15-74;WANTTMP;IT,1.2 b,1.3 ,1.1 ,1.1 ,0.8 ,0.7 ,0.6 ,0.5 ,0.4 ,0.3 ,0.3 ,0.4 ,0.4 ,0.4 ,0.3 
A;PC_SAL;F;Y15-74;WANTTMP;LT,: bu,: u,: u,: u,: u,: u,: u,: u,: u,: u,: u,0.2 u,0.2 u,0.3 u,0.4 u
A;PC_SAL;F;Y15-74;WANTTMP;LU,: bu,: u,: bu,: u,0.9 bu,0.9 u,0.7 u,1.2 ,1.1 ,1.4 ,1.4 b,1.4 ,0.9 u,0.9 ,: 
A;PC_SAL;F;Y15-74;WANTTMP;LV,: bu,0.8 ,0.7 ,0.5 ,: u,: u,: u,0.4 u,0.6 u,: u,0.9 ,0.5 ,0.6 ,: u,0.4 u
A;PC_SAL;F;Y15-74;WANTTMP;MT,2.2 b,1.7 u,2.2 ,1.6 ,1.6 ,1.4 u,1.5 ,1.4 ,1.5 ,1.4 ,1.8 ,1.9 ,1.7 ,2.2 ,2.7 
A;PC_SAL;F;Y15-74;WANTTMP;NL,2.0 b,1.9 b,2.4 ,2.6 ,2.4 ,2.1 ,2.2 ,2.1 ,2.3 ,2.5 ,2.4 ,2.4 ,2.7 ,3.3 ,3.1 
A;PC_SAL;F;Y15-74;WANTTMP;PL,1.4 b,1.7 ,2.1 ,2.5 ,2.7 ,2.4 b,4.1 b,4.2 ,3.9 ,4.1 ,4.3 ,5.1 ,5.6 ,5.8 ,6.0 
A;PC_SAL;F;Y15-74;WANTTMP;PT,: ,1.1 ,1.1 ,1.2 ,1.2 ,1.0 ,1.0 b,0.9 ,1.0 ,1.1 ,0.9 ,1.0 ,1.2 ,1.3 ,1.4 
A;PC_SAL;F;Y15-74;WANTTMP;RO,: bu,: u,: u,: u,: u,: bu,: u,: u,: u,: u,: u,: u,: u,: u,: u
A;PC_SAL;F;Y15-74;WANTTMP;SE,5.5 b,6.0 ,6.2 ,6.3 ,5.6 ,6.0 ,6.3 ,6.4 ,6.5 ,6.4 ,6.4 ,6.5 ,7.0 ,7.1 b,7.5 
A;PC_SAL;F;Y15-74;WANTTMP;SI,7.1 b,7.6 ,7.0 ,8.5 ,8.0 ,7.6 ,6.5 ,7.7 ,6.5 ,5.1 ,6.5 ,6.9 ,7.2 ,8.4 ,8.6 
A;PC_SAL;F;Y15-74;WANTTMP;SK,1.4 b,1.8 ,1.8 ,1.3 ,0.8 ,1.1 ,1.4 b,1.3 ,1.3 ,1.3 ,1.7 ,3.2 ,2.1 ,1.7 ,2.6 
A;PC_SAL;F;Y15-74;WANTTMP;UK,1.6 b,1.9 ,1.8 b,1.6 b,1.5 ,1.4 ,1.3 ,1.5 ,1.3 ,1.3 ,1.3 ,1.4 ,1.6 ,1.4 ,1.3 
A;PC_SAL;M;Y15-74;INEDUC;AT,9.2 b,5.2 ,4.8 ,4.8 ,5.1 ,5.2 ,5.4 ,5.1 ,5.0 ,4.7 ,4.6 ,4.5 ,4.4 ,4.3 ,4.4 
A;PC_SAL;M;Y15-74;INEDUC;BE,0.8 b,0.6 ,0.7 ,0.7 ,0.7 ,0.5 ,0.6 ,0.6 ,0.5 ,0.5 ,0.5 ,0.6 ,0.7 b,0.6 ,0.8 
A;PC_SAL;M;Y15-74;INEDUC;BG,0.5 bu,0.3 u,: u,: bu,: u,: bu,: bu,: u,: u,: u,: c,: c,: c,: c,: u
A;PC_SAL;M;Y15-74;INEDUC;CY,0.8 bu,0.7 u,0.4 u,0.7 u,0.5 bu,0.5 u,0.4 u,0.6 u,: u,0.7 u,0.4 u,0.4 u,0.4 u,: u,: u
A;PC_SAL;M;Y15-74;INEDUC;CZ,0.1 bu,0.1 u,0.1 u,0.1 u,0.1 u,0.0 u,: ,: c,: c,0.1 u,0.0 u,: c,0.1 u,0.2 u,0.2 u
A;PC_SAL;M;Y15-74;INEDUC;DE,6.3 b,6.1 b,6.2 ,6.1 ,6.4 ,6.0 b,5.7 ,5.2 b,5.3 ,5.2 ,5.1 ,5.3 ,5.2 ,5.4 ,5.4 
A;PC_SAL;M;Y15-74;INEDUC;DK,3.3 b,3.1 ,3.2 ,3.8 b,3.5 ,3.3 ,3.2 ,3.0 ,3.2 ,3.3 ,3.5 ,4.1 b,3.6 b,3.4 ,3.7 
A;PC_SAL;M;Y15-74;INEDUC;EE,: bu,: u,: u,: u,: c,: u,: u,: u,: u,: u,: u,: u,: u,: u,: u
A;PC_SAL;M;Y15-74;INEDUC;EL,0.8 b,0.7 ,0.7 ,0.8 ,0.7 b,0.5 ,0.5 ,0.5 ,0.5 ,0.5 ,0.7 ,1.1 ,1.0 ,0.9 ,0.5 
A;PC_SAL;M;Y15-74;INEDUC;ES,: ,1.1 b,1.2 ,1.1 ,0.9 b,0.9 ,0.9 ,0.8 ,0.9 ,1.0 ,1.3 ,1.3 ,1.2 ,1.2 ,1.2 
A;PC_SAL;M;Y15-74;INEDUC;FI,0.7 b,1.1 ,1.1 b,0.9 ,0.8 ,1.0 ,1.0 ,0.7 ,0.9 ,0.9 ,0.7 ,0.6 ,0.7 ,0.7 ,0.9 
A;PC_SAL;M;Y15-74;INEDUC;FR,2.4 b,2.4 b,2.5 ,2.7 ,2.6 ,2.7 ,2.7 ,2.8 ,2.7 ,2.4 b,2.6 ,2.5 ,2.8 ,2.6 ,2.4 
A;PC_SAL;M;Y15-74;INEDUC;HR,5.3 b,6.2 ,6.0 ,5.3 ,5.2 ,5.6 ,6.3 ,6.6 ,7.3 ,8.1 b,10.6 ,1.9 ,1.1 u,0.6 u,0.8 u
A;PC_SAL;M;Y15-74;INEDUC;HU,: bu,: u,: u,: u,: u,: u,0.2 u,0.2 u,: u,0.2 u,: u,: u,0.2 u,0.1 u,: u
A;PC_SAL;M;Y15-74;INEDUC;IE,: bu,: ,0.3 b,0.4 ,0.4 u,0.3 u,0.3 u,1.0 ,1.3 ,1.4 ,1.1 ,0.8 ,0.8 b,1.1 ,1.2 
A;PC_SAL;M;Y15-74;INEDUC;IT,2.2 b,2.8 ,2.8 ,2.8 ,2.5 ,2.5 ,2.3 ,2.3 ,2.0 ,2.2 ,2.1 ,2.4 ,2.6 ,2.4 ,2.5 
A;PC_SAL;M;Y15-74;INEDUC;LT,: bu,: u,: u,: u,: u,: u,: u,: u,: u,: u,: u,0.3 u,0.3 u,0.2 u,0.2 u
A;PC_SAL;M;Y15-74;INEDUC;LU,1.1 b,1.7 ,2.0 b,2.0 ,1.5 b,1.2 ,1.3 ,1.4 ,1.3 ,1.6 ,2.2 b,0.5 u,0.6 u,0.5 u,: 
A;PC_SAL;M;Y15-74;INEDUC;LV,: bu,: u,0.5 ,0.3 u,: u,0.7 u,: u,: u,: u,: u,: u,: u,: u,: c,: c
A;PC_SAL;M;Y15-74;INEDUC;MT,: bu,: u,: u,0.5 u,0.5 u,0.7 u,0.9 ,0.9 ,1.0 ,0.6 u,0.6 u,0.5 u,0.4 u,0.9 ,2.1 
A;PC_SAL;M;Y15-74;INEDUC;NL,0.1 bu,0.2 b,0.4 ,0.4 ,0.4 ,0.4 ,0.4 ,0.3 ,: c,: u,0.1 u,0.6 ,0.6 ,0.5 ,0.8 
A;PC_SAL;M;Y15-74;INEDUC;PL,1.9 b,2.3 ,2.4 ,2.3 ,2.2 ,2.3 b,2.7 b,2.6 ,2.4 ,2.8 ,3.0 ,2.3 ,2.1 ,2.1 ,2.1 
A;PC_SAL;M;Y15-74;INEDUC;PT,1.0 b,1.3 ,1.4 ,1.1 ,1.0 ,1.0 ,0.9 b,0.7 ,0.9 ,1.4 ,1.4 ,1.2 ,1.0 ,1.1 ,1.0 
A;PC_SAL;M;Y15-74;INEDUC;RO,: bu,: u,: u,: u,: u,: bu,: u,: u,: u,: u,: u,: u,: u,: u,: u
A;PC_SAL;M;Y15-74;INEDUC;SE,0.3 b,0.2 ,0.2 ,0.3 ,0.2 ,0.2 ,0.2 ,0.2 ,0.2 ,0.2 ,0.2 ,0.3 ,0.2 ,0.2 b,0.2 u
A;PC_SAL;M;Y15-74;INEDUC;SI,0.7 bu,0.6 u,0.6 u,0.5 u,0.5 u,0.3 u,0.3 u,0.4 u,0.4 u,0.5 u,0.5 u,0.3 u,0.4 u,0.4 u,0.5 u
A;PC_SAL;M;Y15-74;INEDUC;SK,: ,: u,: c,: u,: u,: u,: bu,: u,: u,: u,: u,: u,: u,: u,: u
A;PC_SAL;M;Y15-74;INEDUC;UK,0.4 b,0.4 ,0.3 b,0.3 b,0.3 ,0.3 ,0.2 ,0.3 ,0.4 ,0.4 ,0.3 ,0.4 ,0.4 ,0.5 ,0.4 
A;PC_SAL;M;Y15-74;INVTMP;AT,: ,0.9 ,1.0 ,0.9 ,0.9 ,0.7 ,0.7 ,0.7 ,0.6 ,0.7 ,0.7 ,0.7 ,0.6 ,0.8 ,0.7 
A;PC_SAL;M;Y15-74;INVTMP;BE,4.0 b,4.3 ,4.0 ,3.6 ,3.4 ,4.8 ,5.8 ,5.4 ,5.6 ,5.8 ,6.6 ,6.4 ,6.8 b,6.3 ,6.6 
A;PC_SAL;M;Y15-74;INVTMP;BG,3.7 b,3.6 ,2.8 ,2.4 b,3.8 ,3.2 b,3.1 b,3.2 ,4.4 ,3.5 ,3.0 ,3.0 ,4.2 ,2.9 ,3.4 
A;PC_SAL;M;Y15-74;INVTMP;CY,7.7 b,6.8 ,6.6 ,7.1 ,6.6 b,6.2 ,6.4 ,8.1 ,9.6 ,12.0 ,12.2 ,10.8 ,10.8 ,9.7 ,8.6 
A;PC_SAL;M;Y15-74;INVTMP;CZ,5.0 b,4.8 ,4.4 ,4.1 ,4.4 ,5.4 ,5.6 b,5.8 ,6.2 ,6.6 ,7.1 ,6.3 ,5.7 ,3.6 ,3.6 
A;PC_SAL;M;Y15-74;INVTMP;DE,2.1 b,2.4 b,2.8 ,2.3 ,2.0 ,2.1 b,2.2 ,1.9 b,1.7 ,1.5 ,1.4 ,1.8 ,1.8 ,1.6 ,1.4 
A;PC_SAL;M;Y15-74;INVTMP;DK,3.4 b,3.0 ,2.2 ,2.1 b,2.8 ,3.4 ,3.1 ,3.4 ,3.3 ,3.5 ,2.6 ,3.3 b,4.0 b,2.9 ,2.9 
A;PC_SAL;M;Y15-74;INVTMP;EE,1.8 b,1.4 ,0.9 u,1.3 ,1.5 ,2.1 ,2.0 ,1.8 ,1.4 ,0.9 u,1.2 ,0.8 u,0.4 u,0.6 u,: u
A;PC_SAL;M;Y15-74;INVTMP;EL,7.2 b,6.3 ,6.6 ,7.1 ,7.5 b,8.0 ,8.1 ,6.6 ,6.7 ,7.5 ,7.7 ,7.2 ,7.0 ,6.5 ,8.2 
A;PC_SAL;M;Y15-74;INVTMP;ES,: ,21.1 b,20.0 ,20.2 ,18.4 b,19.4 ,20.0 ,19.2 ,19.1 ,20.6 ,21.4 ,22.9 ,22.7 ,20.3 ,20.5 
A;PC_SAL;M;Y15-74;INVTMP;FI,8.6 b,8.3 ,7.4 b,5.9 ,7.0 ,7.0 ,7.5 ,7.4 ,8.2 ,8.4 ,8.5 ,8.8 ,8.4 ,8.5 ,7.7 
A;PC_SAL;M;Y15-74;INVTMP;FR,6.7 b,7.0 b,6.5 ,6.5 ,6.1 ,6.8 ,7.2 ,7.3 ,7.2 ,8.5 b,8.1 ,8.3 ,8.7 ,7.7 ,7.0 
A;PC_SAL;M;Y15-74;INVTMP;HR,6.8 b,6.6 ,6.0 ,6.1 ,5.2 ,5.5 ,6.4 ,6.4 ,7.3 ,8.1 b,9.0 ,17.9 ,17.8 ,16.6 ,14.3 
A;PC_SAL;M;Y15-74;INVTMP;HU,3.8 b,4.8 ,4.6 ,5.2 ,6.1 ,7.2 ,6.5 ,7.5 ,8.5 ,8.4 ,8.8 ,7.4 ,6.3 ,4.9 ,4.2 
A;PC_SAL;M;Y15-74;INVTMP;IE,0.8 b,1.1 ,1.2 b,1.4 ,2.0 ,2.9 ,3.2 ,5.0 ,5.6 ,4.9 ,4.9 ,4.2 ,3.5 b,2.8 ,2.3 
A;PC_SAL;M;Y15-74;INVTMP;IT,6.3 b,6.6 ,6.6 ,6.9 ,6.8 ,7.3 ,8.2 ,8.9 ,8.7 ,9.2 ,9.6 ,9.4 ,10.5 ,13.1 ,13.3 
A;PC_SAL;M;Y15-74;INVTMP;LT,6.1 b,5.0 ,3.4 u,1.7 u,2.3 ,2.3 ,2.2 ,2.1 ,2.3 ,2.2 ,1.6 ,1.5 ,1.2 ,0.9 ,0.8 
A;PC_SAL;M;Y15-74;INVTMP;LU,2.3 b,2.3 ,2.1 b,2.8 ,2.2 b,2.1 ,2.1 ,3.3 ,2.7 ,3.9 ,4.4 b,3.4 ,4.9 ,5.1 ,: c
A;PC_SAL;M;Y15-74;INVTMP;LV,5.1 b,6.7 ,3.6 ,3.5 ,4.8 ,6.6 ,5.5 ,4.6 ,3.7 ,2.5 ,2.4 ,2.3 ,1.3 ,2.0 ,2.2 
A;PC_SAL;M;Y15-74;INVTMP;MT,2.0 b,1.3 ,2.0 ,1.6 ,1.8 ,2.2 ,2.7 ,3.1 ,3.1 ,3.3 ,3.6 ,3.4 ,2.5 ,2.4 ,2.2 
A;PC_SAL;M;Y15-74;INVTMP;NL,4.6 b,4.5 b,4.7 ,4.1 ,4.6 ,4.2 ,4.1 ,4.6 ,5.7 ,6.6 ,6.8 ,6.9 ,6.6 ,5.7 ,5.4 
A;PC_SAL;M;Y15-74;INVTMP;PL,13.5 b,21.9 ,21.2 ,18.9 ,19.3 ,20.6 b,16.9 b,17.9 ,18.3 ,19.2 ,18.4 ,17.0 ,15.0 ,12.4 ,9.8 
A;PC_SAL;M;Y15-74;INVTMP;PT,13.5 b,15.4 ,17.6 ,17.6 ,16.8 ,18.5 ,18.4 b,17.8 ,18.2 ,18.0 ,18.4 ,18.7 ,18.1 ,17.6 ,16.5 
A;PC_SAL;M;Y15-74;INVTMP;RO,2.0 b,1.5 ,1.2 ,1.1 ,0.9 ,0.9 b,1.3 ,1.6 ,1.5 ,1.6 ,1.4 ,1.3 ,1.2 ,0.9 ,1.4 
A;PC_SAL;M;Y15-74;INVTMP;SE,7.8 b,8.0 ,7.4 ,6.3 ,6.8 ,7.7 ,7.6 ,7.2 ,7.6 ,8.1 ,8.3 ,7.5 ,6.9 ,7.0 b,6.7 
A;PC_SAL;M;Y15-74;INVTMP;SI,6.7 b,7.7 ,8.4 ,6.8 ,7.3 ,8.0 ,9.3 ,7.9 ,8.7 ,10.9 ,10.3 ,9.7 ,8.9 ,5.9 ,4.0 
A;PC_SAL;M;Y15-74;INVTMP;SK,3.7 b,3.8 ,3.5 ,3.3 ,3.6 ,3.0 ,5.5 b,5.5 ,6.0 ,7.8 ,8.0 ,5.9 ,7.0 ,5.6 ,5.1 
A;PC_SAL;M;Y15-74;INVTMP;UK,1.6 b,1.4 ,1.7 b,1.3 b,1.7 ,2.0 ,2.4 ,2.4 ,2.1 ,2.0 ,1.9 ,1.9 ,1.4 ,1.4 ,1.1 
A;PC_SAL;M;Y15-74;NRP;AT,: ,1.8 ,1.4 ,: ,: ,: ,: ,: ,: ,: ,: ,: ,: ,: ,: 
A;PC_SAL;M;Y15-74;NRP;BE,1.5 b,1.5 ,1.5 ,1.8 ,1.8 ,: ,: ,: ,: ,: ,: ,: ,: ,: ,: 
A;PC_SAL;M;Y15-74;NRP;BG,0.5 bu,0.4 u,0.5 u,0.6 bu,0.5 u,: bu,: bu,: c,: c,: c,: ,: c,: u,: c,: c
A;PC_SAL;M;Y15-74;NRP;CY,: bu,: ,: ,: ,: ,: ,: ,: ,: ,: ,: ,: ,: ,: ,: 
A;PC_SAL;M;Y15-74;NRP;CZ,: bu,: ,: ,: c,: c,: c,: bc,: ,: ,: c,: ,: c,: c,: c,: c
A;PC_SAL;M;Y15-74;NRP;DE,4.3 b,3.9 b,3.5 ,4.0 ,4.2 ,4.3 b,4.3 ,4.5 b,4.4 ,4.4 ,4.4 ,3.9 ,3.6 ,3.6 ,3.3 
A;PC_SAL;M;Y15-74;NRP;DK,: bu,: u,0.5 ,0.2 bu,: ,: ,: c,: ,: c,: c,0.4 ,: bu,: bu,: u,: u
A;PC_SAL;M;Y15-74;NRP;EE,0.8 bu,: u,: ,: ,: ,0.9 u,0.8 u,0.8 u,0.7 u,0.6 u,0.7 u,1.1 ,1.0 ,0.5 u,0.6 u
A;PC_SAL;M;Y15-74;NRP;EL,1.5 b,1.4 ,1.2 ,1.4 ,1.6 b,1.5 ,1.3 ,1.2 ,1.5 ,2.3 ,2.2 ,0.8 ,1.0 ,1.3 ,1.3 
A;PC_SAL;M;Y15-74;NRP;ES,31.8 b,6.2 b,5.7 ,4.4 ,2.8 b,2.1 ,2.3 ,1.3 ,1.8 ,1.5 ,1.4 ,1.2 ,1.5 ,2.3 ,2.4 
A;PC_SAL;M;Y15-74;NRP;FI,: bu,: u,: bc,: c,: u,: u,: u,: u,: c,: u,: c,: u,: u,: u,: u
A;PC_SAL;M;Y15-74;NRP;FR,0.1 bu,1.0 b,1.1 ,1.0 ,1.1 ,1.3 ,1.2 ,1.2 ,1.4 ,1.0 b,1.2 ,1.4 ,1.4 ,1.1 ,1.5 
A;PC_SAL;M;Y15-74;NRP;HR,: bu,: ,: ,: ,: ,: ,: ,: ,: ,: ,: ,: c,: c,: c,: u
A;PC_SAL;M;Y15-74;NRP;HU,2.1 b,: ,: ,: ,: ,: ,: ,: ,: ,: ,: ,: ,: ,: ,: 
A;PC_SAL;M;Y15-74;NRP;IE,0.8 b,3.7 ,4.3 b,4.4 ,4.7 ,4.9 ,5.5 ,2.8 ,2.0 ,1.7 ,1.6 ,1.5 ,2.2 b,2.7 ,2.6 
A;PC_SAL;M;Y15-74;NRP;IT,0.4 b,0.1 ,0.1 ,0.0 ,0.0 ,0.0 ,0.1 ,0.1 ,0.1 ,0.1 ,0.1 ,0.1 ,0.1 ,0.1 ,0.1 
A;PC_SAL;M;Y15-74;NRP;LT,: bu,: ,: ,: ,: ,: ,: ,: ,: ,: ,: ,: ,: ,: ,: 
A;PC_SAL;M;Y15-74;NRP;LU,0.7 bu,: ,: ,: ,0.5 bu,0.9 ,0.8 u,0.9 ,0.6 u,0.5 u,0.6 bu,1.9 ,1.4 ,1.2 ,9.2 
A;PC_SAL;M;Y15-74;NRP;LV,4.1 b,: ,: ,: ,: ,: ,: ,: ,: ,: ,: ,: u,: ,: ,: 
A;PC_SAL;M;Y15-74;NRP;MT,: ,: c,: u,: ,: ,: c,: c,: ,: ,: ,: ,: ,: ,: ,: 
A;PC_SAL;M;Y15-74;NRP;NL,3.3 b,3.3 b,3.5 ,3.7 ,4.1 ,3.7 ,3.8 ,4.6 ,5.1 ,5.4 ,5.6 ,5.1 ,5.1 ,5.2 ,5.2 
A;PC_SAL;M;Y15-74;NRP;PL,6.9 b,: ,: ,: ,: ,: ,: ,: ,: ,: ,: ,: ,: ,: ,: 
A;PC_SAL;M;Y15-74;NRP;PT,2.8 b,: ,: ,: c,: ,: ,: ,: ,: ,: ,: ,: ,: ,: ,: 
A;PC_SAL;M;Y15-74;NRP;RO,: bu,: u,: u,: ,: ,: ,: ,: ,: ,: ,: ,: ,: ,: ,: 
A;PC_SAL;M;Y15-74;NRP;SE,: bc,0.2 ,0.2 ,0.2 ,0.2 ,0.2 ,0.2 ,0.2 ,0.3 ,0.3 ,0.4 ,0.4 ,0.4 ,0.4 b,0.3 
A;PC_SAL;M;Y15-74;NRP;SI,1.4 b,: ,: ,: ,: ,: ,: ,: ,: ,: ,: ,: ,: ,: ,: 
A;PC_SAL;M;Y15-74;NRP;SK,0.5 b,: ,: ,: ,: ,1.7 ,: ,: ,: ,0.3 ,0.7 ,0.9 ,0.4 ,0.4 ,: 
A;PC_SAL;M;Y15-74;NRP;UK,1.9 b,1.7 ,1.7 b,1.5 b,1.6 ,1.4 ,1.7 ,1.7 ,1.4 ,1.5 ,1.5 ,1.6 ,1.5 ,1.4 ,1.4 
A;PC_SAL;M;Y15-74;STAGE;AT,: ,0.7 ,0.7 ,0.8 ,0.7 ,1.0 ,0.9 ,0.9 ,0.8 ,1.0 ,1.0 ,0.9 ,1.0 ,1.2 ,1.1 
A;PC_SAL;M;Y15-74;STAGE;BG,1.0 b,1.3 ,1.0 ,0.7 bu,0.7 u,0.7 bu,0.8 bu,0.8 u,1.0 ,1.6 ,0.9 u,0.8 u,0.8 u,0.6 u,0.7 u
A;PC_SAL;M;Y15-74;STAGE;CY,: bu,: u,: u,: u,: bu,: u,: u,: u,: u,: u,: u,0.3 u,0.4 u,: u,: u
A;PC_SAL;M;Y15-74;STAGE;CZ,0.5 b,0.6 ,0.5 ,: ,: ,: ,: ,: ,: ,: ,: ,: ,: ,1.0 ,1.3 
A;PC_SAL;M;Y15-74;STAGE;DE,1.3 b,1.4 b,1.6 ,1.7 ,1.4 ,1.6 b,1.7 ,1.7 b,1.5 ,1.5 ,1.7 ,1.8 ,1.7 ,1.8 ,1.7 
A;PC_SAL;M;Y15-74;STAGE;DK,: bu,: c,0.2 u,: bu,0.2 u,0.2 u,0.4 ,0.3 u,0.4 ,0.2 u,0.2 u,0.7 b,0.6 b,0.5 ,0.4 
A;PC_SAL;M;Y15-74;STAGE;EE,: bu,: u,0.5 u,0.6 u,: u,1.3 ,2.1 ,1.5 ,1.4 ,1.3 ,1.2 ,1.4 ,1.4 ,1.6 ,1.5 
A;PC_SAL;M;Y15-74;STAGE;EL,0.3 b,0.4 ,0.4 ,0.4 ,0.5 b,0.5 ,0.5 ,0.4 ,0.3 ,0.5 ,0.4 ,1.0 ,0.6 ,0.2 u,0.2 u
A;PC_SAL;M;Y15-74;STAGE;ES,: ,0.4 b,0.4 ,0.4 ,0.2 b,0.2 ,0.2 ,0.2 ,0.2 ,0.1 ,0.2 ,0.1 ,0.3 ,0.2 ,0.2 
A;PC_SAL;M;Y15-74;STAGE;FI,0.3 bu,0.4 u,0.4 b,0.5 ,0.3 u,0.6 ,0.5 ,0.4 ,0.3 u,0.4 ,0.2 u,0.3 u,0.4 ,0.4 ,0.4 
A;PC_SAL;M;Y15-74;STAGE;FR,0.7 b,0.8 b,0.8 ,0.7 ,0.5 ,0.4 ,0.6 ,0.5 ,0.4 ,0.4 b,0.4 ,0.5 ,0.5 ,0.4 ,0.5 
A;PC_SAL;M;Y15-74;STAGE;HR,: ,: u,0.5 u,0.5 u,0.5 u,0.3 u,0.3 u,0.2 u,0.2 u,0.3 bu,0.6 u,1.0 u,0.6 u,0.8 u,0.6 u
A;PC_SAL;M;Y15-74;STAGE;HU,1.3 b,1.0 ,1.3 ,1.8 ,1.5 ,1.3 ,1.5 ,1.3 ,1.2 ,1.3 ,1.2 ,1.0 ,1.0 ,0.9 ,0.8 
A;PC_SAL;M;Y15-74;STAGE;IE,: ,0.4 u,: ,: ,: ,: ,: ,: u,0.3 u,0.3 u,0.3 u,0.3 u,0.4 b,0.9 ,0.8 
A;PC_SAL;M;Y15-74;STAGE;IT,0.8 b,0.8 ,1.0 ,1.1 ,1.0 ,1.1 ,1.2 ,1.2 ,1.2 ,1.3 ,1.5 ,1.3 ,1.4 ,0.8 ,0.6 
A;PC_SAL;M;Y15-74;STAGE;LT,: bu,: u,: u,: u,: u,: u,0.9 u,1.0 u,0.9 ,1.0 ,0.4 u,0.3 u,0.3 u,0.4 u,0.3 u
A;PC_SAL;M;Y15-74;STAGE;LU,0.6 bu,1.6 ,2.0 b,1.0 ,1.4 b,1.3 ,1.5 ,0.6 u,0.5 u,0.9 ,1.7 b,1.4 ,1.3 ,1.6 ,: 
A;PC_SAL;M;Y15-74;STAGE;LV,0.8 b,0.9 ,0.6 ,0.3 u,0.5 u,1.1 ,1.1 ,0.8 ,0.6 u,0.8 ,0.9 ,1.0 ,0.4 u,: u,0.4 u
A;PC_SAL;M;Y15-74;STAGE;MT,: bu,: u,0.5 u,0.7 u,0.6 u,0.9 ,1.1 ,1.4 ,1.4 ,1.2 ,1.3 ,1.8 ,1.6 ,3.3 ,2.8 
A;PC_SAL;M;Y15-74;STAGE;NL,4.3 b,4.2 b,4.9 ,5.0 ,4.6 ,5.8 ,6.2 ,6.4 ,6.4 ,6.7 ,4.9 ,4.6 ,5.6 ,5.7 ,5.2 
A;PC_SAL;M;Y15-74;STAGE;PL,2.5 b,2.4 ,2.6 ,2.5 ,2.1 ,2.1 b,3.6 b,2.5 ,2.3 ,2.2 ,2.5 ,2.9 ,3.2 ,3.5 ,3.5 
A;PC_SAL;M;Y15-74;STAGE;PT,1.3 b,1.8 ,1.7 ,1.8 ,1.6 ,1.5 ,1.4 b,1.1 ,1.2 ,1.3 ,1.5 ,1.5 ,1.8 ,1.8 ,1.7 
A;PC_SAL;M;Y15-74;STAGE;RO,0.4 b,: u,: u,: u,: u,: bu,: u,: u,: u,: u,: u,0.3 u,: u,0.2 u,: u
A;PC_SAL;M;Y15-74;STAGE;SE,1.6 b,2.1 ,2.4 ,2.2 ,1.5 ,1.9 ,2.2 ,1.9 ,1.7 ,1.9 ,1.8 ,2.2 ,2.4 ,2.3 b,2.3 
A;PC_SAL;M;Y15-74;STAGE;SI,1.1 b,1.1 ,1.8 ,1.3 ,0.7 u,1.1 ,1.6 ,1.1 ,1.1 ,1.0 ,1.1 ,1.0 ,1.7 ,1.8 ,1.3 
A;PC_SAL;M;Y15-74;STAGE;UK,: ,0.1 ,0.2 b,0.2 b,0.2 ,0.2 ,0.2 ,0.2 ,0.2 ,0.2 ,0.2 ,0.2 ,0.2 ,0.2 ,0.2 
A;PC_SAL;M;Y15-74;TOTAL;AT,9.2 b,9.0 ,8.7 ,8.8 ,9.2 ,9.8 ,9.6 ,9.3 ,9.4 ,9.2 ,9.1 ,8.9 ,9.2 ,8.8 ,8.6 
A;PC_SAL;M;Y15-74;TOTAL;BE,6.8 b,6.9 ,6.8 ,6.6 ,6.5 ,6.8 ,7.7 ,7.1 ,7.3 ,7.7 ,8.4 ,8.4 ,9.4 b,8.4 ,9.6 
A;PC_SAL;M;Y15-74;TOTAL;BG,6.1 b,5.9 ,4.8 ,4.5 b,5.5 ,4.7 b,4.3 b,4.5 ,6.0 ,5.8 ,4.2 ,4.2 ,5.9 ,4.1 ,4.8 
A;PC_SAL;M;Y15-74;TOTAL;CY,9.0 b,7.9 ,7.6 ,8.2 ,7.5 b,7.1 ,7.1 ,9.0 ,10.3 ,13.1 ,13.2 ,11.8 ,11.9 ,10.4 ,9.4 
A;PC_SAL;M;Y15-74;TOTAL;CZ,7.5 b,7.4 ,7.1 ,6.4 ,6.9 ,7.3 ,7.1 b,7.4 ,7.8 ,8.2 ,8.6 ,8.4 ,7.9 ,6.4 ,6.9 
A;PC_SAL;M;Y15-74;TOTAL;DE,14.4 b,14.0 b,14.3 ,14.5 ,14.2 ,14.2 b,14.2 ,13.7 b,13.2 ,13.0 ,13.0 ,13.1 ,12.8 ,12.7 ,12.2 
A;PC_SAL;M;Y15-74;TOTAL;DK,8.4 b,7.9 ,7.8 ,7.6 b,7.8 ,7.9 ,7.8 ,7.6 ,7.7 ,7.7 ,7.7 ,11.5 b,11.2 b,9.4 ,9.8 
A;PC_SAL;M;Y15-74;TOTAL;EE,3.5 b,3.3 ,2.7 ,3.4 ,3.0 ,4.8 ,5.6 ,4.7 ,4.1 ,3.4 ,3.9 ,3.9 ,3.3 ,3.6 ,3.1 
A;PC_SAL;M;Y15-74;TOTAL;EL,10.2 b,9.1 ,9.3 ,10.0 ,10.7 b,11.0 ,10.7 ,8.9 ,9.2 ,11.0 ,11.4 ,10.3 ,9.8 ,9.5 ,10.9 
A;PC_SAL;M;Y15-74;TOTAL;ES,31.8 b,30.6 b,29.2 ,27.5 ,23.0 b,23.3 ,24.2 ,22.1 ,22.7 ,23.9 ,24.9 ,26.2 ,26.3 ,25.1 ,25.7 
A;PC_SAL;M;Y15-74;TOTAL;FI,14.4 b,14.1 ,13.0 b,11.3 ,11.0 ,12.2 ,12.6 ,12.1 ,12.4 ,12.9 ,12.5 ,13.2 ,13.4 ,13.8 ,12.9 
A;PC_SAL;M;Y15-74;TOTAL;FR,13.0 b,14.4 b,14.3 ,14.1 ,13.5 ,14.5 ,14.8 ,14.8 ,14.6 ,15.4 b,15.4 ,16.2 ,17.6 ,15.9 ,16.8 
A;PC_SAL;M;Y15-74;TOTAL;HR,12.4 b,13.1 ,12.6 ,12.1 ,11.1 ,11.7 ,13.1 ,13.2 ,14.8 ,16.7 b,20.5 ,22.0 ,20.7 ,19.4 ,17.0 
A;PC_SAL;M;Y15-74;TOTAL;HU,7.6 b,7.5 ,7.8 ,8.6 ,9.1 ,10.2 ,9.7 ,10.5 ,11.4 ,11.2 ,11.6 ,9.3 ,8.2 ,6.7 ,6.2 
A;PC_SAL;M;Y15-74;TOTAL;IE,2.4 b,6.3 ,7.9 b,8.0 ,8.4 ,9.5 ,10.4 ,10.5 ,10.7 ,9.9 ,9.4 ,8.5 ,8.8 b,9.6 ,9.0 
A;PC_SAL;M;Y15-74;TOTAL;IT,10.5 b,11.1 ,11.1 ,11.5 ,10.8 ,11.3 ,12.2 ,12.9 ,12.4 ,13.1 ,13.6 ,13.5 ,15.0 ,16.5 ,16.7 
A;PC_SAL;M;Y15-74;TOTAL;LT,7.5 b,6.7 ,5.1 ,2.9 u,3.0 ,3.3 ,3.6 ,3.4 ,3.5 ,3.6 ,2.4 ,2.2 ,2.0 ,1.7 ,1.5 
A;PC_SAL;M;Y15-74;TOTAL;LU,4.9 b,5.7 ,6.2 b,5.9 ,6.2 b,6.1 ,6.4 ,7.3 ,5.9 ,7.7 ,9.9 b,8.4 ,8.6 ,9.5 ,9.3 
A;PC_SAL;M;Y15-74;TOTAL;LV,11.3 b,8.8 ,5.5 ,4.8 ,5.9 ,9.3 ,7.9 ,6.2 ,5.3 ,4.2 ,4.6 ,4.7 ,2.2 ,3.3 ,3.9 
A;PC_SAL;M;Y15-74;TOTAL;MT,3.6 b,2.7 ,3.7 ,3.4 ,3.8 ,4.3 ,5.7 ,6.3 ,6.8 ,6.5 ,6.7 ,6.7 ,5.4 ,7.4 ,8.0 
A;PC_SAL;M;Y15-74;TOTAL;NL,14.2 b,14.2 b,15.5 ,15.5 ,16.2 ,16.3 ,16.8 ,18.1 ,19.4 ,20.9 ,19.7 ,19.6 ,20.6 ,20.1 ,19.8 
A;PC_SAL;M;Y15-74;TOTAL;PL,26.5 b,28.5 ,28.4 ,26.3 ,26.3 ,27.4 b,27.5 ,27.4 ,27.3 ,28.6 ,28.0 ,27.3 ,25.7 ,23.6 ,20.7 
A;PC_SAL;M;Y15-74;TOTAL;PT,18.5 b,19.3 ,21.7 ,21.5 ,20.7 ,22.1 ,21.7 b,20.7 ,21.3 ,21.7 ,22.4 ,22.5 ,22.3 ,21.9 ,20.6 
A;PC_SAL;M;Y15-74;TOTAL;RO,2.8 b,2.0 ,1.7 ,1.3 ,1.1 ,1.2 b,1.6 ,1.9 ,1.7 ,1.7 ,1.6 ,1.7 ,1.4 ,1.2 ,1.7 
A;PC_SAL;M;Y15-74;TOTAL;SE,14.2 b,15.4 ,15.0 ,13.4 ,13.0 ,14.5 ,15.0 ,14.3 ,14.7 ,15.5 ,15.5 ,15.1 ,15.2 ,15.2 b,14.9 
A;PC_SAL;M;Y15-74;TOTAL;SI,15.7 b,15.4 ,16.5 ,15.3 ,15.1 ,15.3 ,16.4 ,15.6 ,15.8 ,16.1 ,17.1 ,16.1 ,16.7 ,14.6 ,11.8 
A;PC_SAL;M;Y15-74;TOTAL;SK,5.1 b,5.0 ,4.9 ,4.6 ,4.6 ,5.6 ,6.4 b,6.4 ,6.7 ,9.1 ,9.9 ,9.8 ,9.3 ,7.6 ,7.5 
A;PC_SAL;M;Y15-74;TOTAL;UK,5.2 b,4.8 ,5.1 b,4.2 b,4.6 ,4.7 ,5.4 ,5.5 ,5.0 ,5.2 ,4.9 ,5.1 ,4.8 ,4.5 ,4.2 
A;PC_SAL;M;Y15-74;WANTTMP;AT,: ,0.5 ,0.7 ,2.3 ,2.5 ,2.8 ,2.6 ,2.6 ,3.0 ,2.8 ,2.8 ,2.8 ,3.1 ,2.5 ,2.4 
A;PC_SAL;M;Y15-74;WANTTMP;BE,0.5 b,0.5 ,0.6 ,0.5 ,0.6 ,1.4 ,1.3 ,1.2 ,1.2 ,1.3 ,1.3 ,1.4 ,1.9 b,1.6 ,2.2 
A;PC_SAL;M;Y15-74;WANTTMP;BG,0.4 bu,0.4 u,0.3 u,0.5 bu,: u,: bu,: bu,: u,: u,0.5 u,: u,: u,1.0 ,0.5 u,0.6 u
A;PC_SAL;M;Y15-74;WANTTMP;CY,: bu,: u,0.5 u,: u,: bu,: u,: u,: u,: u,: u,: u,: u,0.3 u,0.4 u,0.5 u
A;PC_SAL;M;Y15-74;WANTTMP;CZ,1.9 b,2.0 ,2.1 ,2.2 ,2.4 ,1.9 ,1.5 b,1.5 ,1.6 ,1.5 ,1.5 ,2.0 ,2.0 ,1.6 ,1.7 
A;PC_SAL;M;Y15-74;WANTTMP;DE,0.3 b,: bu,0.3 ,0.3 ,: u,: bu,: u,0.3 b,0.3 ,0.3 ,0.3 ,0.4 ,0.4 ,0.4 ,0.4 
A;PC_SAL;M;Y15-74;WANTTMP;DK,1.6 b,1.8 ,1.7 ,1.4 b,1.3 ,1.0 ,1.1 ,0.9 ,0.8 ,0.7 ,1.0 ,3.5 b,3.0 b,2.5 ,2.8 
A;PC_SAL;M;Y15-74;WANTTMP;EE,: bu,1.1 u,1.1 ,1.4 ,0.9 u,: u,: u,0.5 u,0.5 u,: u,: u,: u,: u,0.6 u,0.5 u
A;PC_SAL;M;Y15-74;WANTTMP;EL,0.3 b,0.3 ,0.3 ,0.3 ,0.4 b,0.4 ,0.3 ,0.2 u,0.1 u,0.2 u,0.3 ,0.2 u,0.3 ,0.6 ,0.7 
A;PC_SAL;M;Y15-74;WANTTMP;ES,: ,1.7 b,1.9 ,1.4 ,0.8 b,0.7 ,0.8 ,0.7 ,0.8 ,0.6 ,0.7 ,0.7 ,0.7 ,1.1 ,1.3 
A;PC_SAL;M;Y15-74;WANTTMP;FI,4.7 b,4.3 ,4.0 b,3.9 ,2.9 ,3.4 ,3.5 ,3.4 ,3.1 ,3.0 ,3.0 ,3.5 ,3.8 ,4.1 ,3.9 
A;PC_SAL;M;Y15-74;WANTTMP;FR,3.1 b,3.2 b,3.4 ,3.3 ,3.2 ,3.2 ,3.2 ,3.2 ,3.0 ,3.1 b,3.2 ,3.5 ,4.3 ,4.0 ,5.3 
A;PC_SAL;M;Y15-74;WANTTMP;HR,: bu,: u,: u,0.2 u,0.2 u,0.2 u,: u,: c,: c,0.3 bu,0.3 u,1.2 u,1.2 u,1.3 ,1.3 u
A;PC_SAL;M;Y15-74;WANTTMP;HU,0.3 b,1.6 ,1.7 ,1.5 ,1.4 ,1.6 ,1.5 ,1.3 ,1.5 ,1.4 ,1.4 ,0.9 ,0.7 ,0.7 ,1.0 
A;PC_SAL;M;Y15-74;WANTTMP;IE,0.7 b,1.2 ,2.0 b,1.9 ,1.3 ,1.4 ,1.3 ,1.5 ,1.5 ,1.6 ,1.5 ,1.6 ,1.8 b,2.1 ,2.1 
A;PC_SAL;M;Y15-74;WANTTMP;IT,0.8 b,0.8 ,0.8 ,0.7 ,0.5 ,0.5 ,0.4 ,0.5 ,0.4 ,0.3 ,0.3 ,0.3 ,0.3 ,0.3 ,0.3 
A;PC_SAL;M;Y15-74;WANTTMP;LT,: bu,: u,1.0 u,: u,: u,: u,: u,: u,: u,: u,: u,: u,: u,: u,0.3 u
A;PC_SAL;M;Y15-74;WANTTMP;LU,: bu,: u,: bu,: c,0.5 bu,0.6 u,0.7 u,1.0 ,0.6 u,0.9 ,1.0 b,1.2 ,: u,1.1 ,: 
A;PC_SAL;M;Y15-74;WANTTMP;LV,0.9 b,0.9 ,0.8 ,0.7 ,: u,1.0 u,0.8 u,0.6 u,0.8 ,0.8 ,1.2 ,1.1 ,0.3 u,0.9 ,0.9 
A;PC_SAL;M;Y15-74;WANTTMP;MT,0.8 bu,: u,0.7 u,0.7 u,0.9 ,0.6 u,0.9 ,0.9 u,1.3 ,1.4 ,1.1 ,1.0 ,0.9 ,0.9 ,0.9 
A;PC_SAL;M;Y15-74;WANTTMP;NL,1.9 b,2.0 b,2.0 ,2.3 ,2.4 ,2.2 ,2.3 ,2.2 ,2.1 ,2.2 ,2.4 ,2.3 ,2.8 ,3.0 ,3.2 
A;PC_SAL;M;Y15-74;WANTTMP;PL,1.7 b,1.9 ,2.3 ,2.7 ,2.7 ,2.4 b,4.4 b,4.4 ,4.3 ,4.4 ,4.2 ,5.0 ,5.3 ,5.5 ,5.3 
A;PC_SAL;M;Y15-74;WANTTMP;PT,: ,0.8 ,1.0 ,1.1 ,1.3 ,1.1 ,1.1 b,1.0 ,1.0 ,1.0 ,1.1 ,1.1 ,1.4 ,1.5 ,1.4 
A;PC_SAL;M;Y15-74;WANTTMP;RO,: bu,: u,: u,: u,: u,: bu,: u,: u,: u,: u,: u,: u,: u,: u,: u
A;PC_SAL;M;Y15-74;WANTTMP;SE,4.5 b,4.9 ,4.7 ,4.5 ,4.3 ,4.6 ,4.8 ,4.7 ,4.9 ,5.0 ,4.9 ,4.8 ,5.3 ,5.2 b,5.4 
A;PC_SAL;M;Y15-74;WANTTMP;SI,5.7 b,6.0 ,5.7 ,6.7 ,6.5 ,5.9 ,5.2 ,6.2 ,5.6 ,3.7 ,5.2 ,5.1 ,5.7 ,6.6 ,6.1 
A;PC_SAL;M;Y15-74;WANTTMP;SK,0.8 b,1.2 ,1.4 ,1.2 ,0.9 ,0.9 ,0.8 b,0.8 ,0.6 ,0.9 ,1.1 ,2.9 ,1.8 ,1.5 ,2.3 
A;PC_SAL;M;Y15-74;WANTTMP;UK,1.2 b,1.2 ,1.2 b,1.0 b,0.9 ,0.8 ,1.0 ,0.9 ,0.9 ,1.0 ,1.0 ,1.0 ,1.2 ,1.0 ,1.1 
